time,Speaker_0
0.0,0.0
0.032,0.0
0.064,0.0
0.096,0.0
0.128,0.0
0.16,0.0
0.192,0.0
0.224,0.0
0.256,0.0
0.28800000000000003,0.0
0.32,0.0
0.352,0.0
0.384,0.0
0.41600000000000004,0.0
0.448,0.0
0.48,0.0
0.512,0.0
0.544,0.0
0.5760000000000001,0.0
0.608,0.0
0.64,0.0
0.672,0.0
0.704,0.0
0.736,0.0
0.768,0.0
0.8,0.0
0.8320000000000001,0.0
0.864,0.0
0.896,0.0
0.928,0.0
0.96,0.0
0.992,0.0
1.024,0.0
1.056,0.0
1.088,0.0
1.12,0.0
1.1520000000000001,0.0
1.184,0.0
1.216,0.0
1.248,0.0
1.28,0.0
1.312,0.0
1.344,0.0
1.3760000000000001,0.0
1.408,0.0
1.44,0.0
1.472,0.0
1.504,0.0
1.536,0.0
1.568,0.0
1.6,0.0
1.6320000000000001,0.0
1.6640000000000001,0.0
1.696,0.0
1.728,0.0
1.76,0.0
1.792,0.0
1.824,0.0
1.856,0.0
1.8880000000000001,0.0
1.92,0.0
1.952,0.0
1.984,0.0
2.016,0.0
2.048,0.0
2.08,0.0
2.112,0.0
2.144,0.0
2.176,0.0
2.208,0.0
2.24,0.0
2.2720000000000002,0.0
2.3040000000000003,0.0
2.336,0.0
2.368,0.0
2.4,0.0
2.432,0.0
2.464,0.0
2.496,0.0
2.528,0.0
2.56,0.0
2.592,0.0
2.624,0.0
2.656,0.0
2.688,0.0
2.72,0.0
2.7520000000000002,0.0
2.7840000000000003,0.0
2.816,0.0
2.848,0.0
2.88,0.0
2.912,0.0
2.944,0.0
2.976,0.0
3.008,0.0
3.04,0.0
3.072,0.0
3.104,0.0
3.136,0.0
3.168,0.0
3.2,0.0
3.232,0.0
3.2640000000000002,0.0
3.2960000000000003,0.0
3.3280000000000003,0.0
3.36,0.0
3.392,0.0
3.424,0.0
3.456,0.0
3.488,0.0
3.52,0.0
3.552,0.0
3.584,0.0
3.616,0.0
3.648,0.0
3.68,0.0
3.712,0.0
3.744,0.0
3.7760000000000002,0.0
3.8080000000000003,0.0
3.84,0.0
3.872,0.0
3.904,0.0
3.936,0.0
3.968,0.0
4.0,0.0
4.032,0.0
4.064,0.0
4.096,0.0
4.128,0.0
4.16,0.0
4.192,0.0
4.224,0.0
4.256,0.0
4.288,0.0
4.32,0.0
4.352,0.0
4.384,0.0
4.416,0.0
4.448,0.0
4.48,0.0
4.5120000000000005,0.0
4.5440000000000005,0.0
4.5760000000000005,0.0
4.6080000000000005,0.0
4.64,0.0
4.672,0.0
4.704,0.0
4.736,0.0
4.768,0.0
4.8,0.0
4.832,0.0
4.864,0.0
4.896,0.0
4.928,0.0
4.96,0.0
4.992,0.0
5.024,0.0
5.056,0.0
5.088,0.0
5.12,0.0
5.152,0.0
5.184,0.0
5.216,0.0
5.248,0.0
5.28,0.0
5.312,0.0
5.344,0.0
5.376,0.0
5.408,0.0
5.44,0.0
5.472,0.0
5.5040000000000004,0.0
5.5360000000000005,0.0
5.5680000000000005,0.0
5.6000000000000005,0.0
5.632,0.0
5.664,0.0
5.696,0.0
5.728,0.0
5.76,0.0
5.792,0.0
5.824,0.0
5.856,0.0
5.888,0.0
5.92,0.0
5.952,0.0
5.984,0.0
6.016,0.0
6.048,0.0
6.08,0.0
6.112,0.0
6.144,0.0
6.176,0.0
6.208,0.0
6.24,0.0
6.272,0.0
6.304,0.0
6.336,0.0
6.368,0.0
6.4,0.0
6.432,0.0
6.464,0.0
6.496,0.0
6.5280000000000005,0.0
6.5600000000000005,0.0
6.5920000000000005,0.0
6.6240000000000006,0.0
6.656000000000001,0.0
6.688,0.0
6.72,0.0
6.752,0.0
6.784,0.0
6.816,0.0
6.848,0.0
6.88,0.0
6.912,0.0
6.944,0.0
6.976,0.0
7.008,0.0
7.04,0.0
7.072,0.0
7.104,0.0
7.136,0.0
7.168,0.0
7.2,0.0
7.232,0.0
7.264,0.0
7.296,0.0
7.328,0.0
7.36,0.0
7.392,0.0
7.424,0.0
7.456,0.0
7.488,0.0
7.5200000000000005,0.0
7.5520000000000005,0.0
7.5840000000000005,0.0
7.6160000000000005,0.0
7.648000000000001,0.0
7.68,0.0
7.712,0.0
7.744,0.0
7.776,0.0
7.808,0.0
7.84,0.0
7.872,0.0
7.904,0.0
7.936,0.0
7.968,0.0
8.0,0.0
8.032,0.0
8.064,0.0
8.096,0.0
8.128,0.0
8.16,0.0
8.192,0.0
8.224,0.0
8.256,0.0
8.288,0.0
8.32,0.0
8.352,0.0
8.384,0.0
8.416,0.0
8.448,0.0
8.48,0.0
8.512,0.0
8.544,0.0
8.576,0.0
8.608,0.0
8.64,0.0
8.672,0.0
8.704,0.0
8.736,0.0
8.768,0.0
8.8,0.0
8.832,0.0
8.864,0.0
8.896,0.0
8.928,0.0
8.96,0.0
8.992,0.0
9.024000000000001,0.0
9.056000000000001,0.0
9.088000000000001,0.0
9.120000000000001,0.0
9.152000000000001,0.0
9.184000000000001,0.0
9.216000000000001,0.0
9.248,0.0
9.28,0.0
9.312,0.0
9.344,0.0
9.376,0.0
9.408,0.0
9.44,0.0
9.472,0.0
9.504,0.0
9.536,0.0
9.568,0.0
9.6,0.0
9.632,0.0
9.664,0.0
9.696,0.0
9.728,0.0
9.76,0.0
9.792,0.0
9.824,0.0
9.856,0.0
9.888,0.0
9.92,0.0
9.952,0.0
9.984,0.0
10.016,0.0
10.048,0.0
10.08,0.0
10.112,0.0
10.144,0.0
10.176,0.0
10.208,0.0
10.24,0.0
10.272,0.0
10.304,0.0
10.336,0.0
10.368,0.0
10.4,0.0
10.432,0.0
10.464,0.0
10.496,0.0
10.528,0.0
10.56,0.0
10.592,0.0
10.624,0.0
10.656,0.0
10.688,0.0
10.72,0.0
10.752,0.0
10.784,0.0
10.816,0.0
10.848,0.0
10.88,0.0
10.912,0.0
10.944,0.0
10.976,0.0
11.008000000000001,0.0
11.040000000000001,0.0
11.072000000000001,0.0
11.104000000000001,0.0
11.136000000000001,0.0
11.168000000000001,0.0
11.200000000000001,0.0
11.232000000000001,0.0
11.264,0.0
11.296,0.0
11.328,0.0
11.36,0.0
11.392,0.0
11.424,0.0
11.456,0.0
11.488,0.0
11.52,0.0
11.552,0.0
11.584,0.0
11.616,0.0
11.648,0.0
11.68,0.0
11.712,0.0
11.744,0.0
11.776,0.0
11.808,0.0
11.84,0.0
11.872,0.0
11.904,0.0
11.936,0.0
11.968,0.0
12.0,0.0
12.032,0.0
12.064,0.0
12.096,0.0
12.128,0.0
12.16,0.0
12.192,0.0
12.224,0.0
12.256,0.0
12.288,0.0
12.32,0.0
12.352,0.0
12.384,0.0
12.416,0.0
12.448,0.0
12.48,0.0
12.512,0.0
12.544,0.0
12.576,0.0
12.608,0.0
12.64,0.0
12.672,0.0
12.704,0.0
12.736,0.0
12.768,0.0
12.8,0.0
12.832,0.0
12.864,0.0
12.896,0.0
12.928,0.0
12.96,0.0
12.992,0.0
13.024000000000001,0.0
13.056000000000001,0.0
13.088000000000001,0.0
13.120000000000001,0.0
13.152000000000001,0.0
13.184000000000001,0.0
13.216000000000001,0.0
13.248000000000001,0.0
13.280000000000001,0.0
13.312000000000001,0.0
13.344,0.0
13.376,0.0
13.408,0.0
13.44,0.0
13.472,0.0
13.504,0.0
13.536,0.0
13.568,0.0
13.6,0.0
13.632,0.0
13.664,0.0
13.696,0.0
13.728,0.0
13.76,0.0
13.792,0.0
13.824,0.0
13.856,0.0
13.888,0.0
13.92,0.0
13.952,0.0
13.984,0.0
14.016,0.0
14.048,0.0
14.08,0.0
14.112,0.0
14.144,0.0
14.176,0.0
14.208,0.0
14.24,0.0
14.272,0.0
14.304,0.0
14.336,0.0
14.368,0.0
14.4,0.0
14.432,0.0
14.464,0.0
14.496,0.0
14.528,0.0
14.56,0.0
14.592,0.0
14.624,0.0
14.656,0.0
14.688,0.0
14.72,0.0
14.752,0.0
14.784,0.0
14.816,0.0
14.848,0.0
14.88,0.0
14.912,0.0
14.944,0.0
14.976,0.0
15.008000000000001,0.0
15.040000000000001,0.0
15.072000000000001,0.0
15.104000000000001,0.0
15.136000000000001,0.0
15.168000000000001,0.0
15.200000000000001,0.0
15.232000000000001,0.0
15.264000000000001,0.0
15.296000000000001,0.0
15.328000000000001,0.0
15.36,0.0
15.392,0.0
15.424,0.0
15.456,0.0
15.488,0.0
15.52,0.0
15.552,0.0
15.584,0.0
15.616,0.0
15.648,0.0
15.68,0.0
15.712,0.0
15.744,0.0
15.776,0.0
15.808,0.0
15.84,0.0
15.872,0.0
15.904,0.0
15.936,0.0
15.968,0.0
16.0,0.0
16.032,0.0
16.064,0.0
16.096,0.0
16.128,0.0
16.16,0.0
16.192,0.0
16.224,0.0
16.256,0.0
16.288,0.0
16.32,0.0
16.352,0.0
16.384,0.0
16.416,0.0
16.448,0.0
16.48,0.0
16.512,0.0
16.544,0.0
16.576,0.0
16.608,0.0
16.64,0.0
16.672,0.0
16.704,0.0
16.736,0.0
16.768,0.0
16.8,0.0
16.832,0.0
16.864,0.0
16.896,0.0
16.928,0.0
16.96,0.0
16.992,0.0
17.024,0.0
17.056,0.0
17.088,0.0
17.12,0.0
17.152,0.0
17.184,0.0
17.216,0.0
17.248,0.0
17.28,0.0
17.312,0.0
17.344,0.0
17.376,0.0
17.408,0.0
17.44,0.0
17.472,0.0
17.504,0.0
17.536,0.0
17.568,0.0
17.6,0.0
17.632,0.0
17.664,0.0
17.696,0.0
17.728,0.0
17.76,0.0
17.792,0.0
17.824,0.0
17.856,0.0
17.888,0.0
17.92,0.0
17.952,0.0
17.984,0.0
18.016000000000002,0.0
18.048000000000002,0.0
18.080000000000002,0.0
18.112000000000002,0.0
18.144000000000002,0.0
18.176000000000002,0.0
18.208000000000002,0.0
18.240000000000002,0.0
18.272000000000002,0.0
18.304000000000002,0.0
18.336000000000002,0.0
18.368000000000002,0.0
18.400000000000002,0.0
18.432000000000002,0.0
18.464,0.0
18.496,0.0
18.528,0.0
18.56,0.0
18.592,0.0
18.624,0.0
18.656,0.0
18.688,0.0
18.72,0.0
18.752,0.0
18.784,0.0
18.816,0.0
18.848,0.0
18.88,0.0
18.912,0.0
18.944,0.0
18.976,0.0
19.008,0.0
19.04,0.0
19.072,0.0
19.104,0.0
19.136,0.0
19.168,0.0
19.2,0.0
19.232,0.0
19.264,0.0
19.296,0.0
19.328,0.0
19.36,0.0
19.392,0.0
19.424,0.0
19.456,0.0
19.488,0.0
19.52,0.0
19.552,0.0
19.584,0.0
19.616,0.0
19.648,0.0
19.68,0.0
19.712,0.0
19.744,0.0
19.776,0.0
19.808,0.0
19.84,0.0
19.872,0.0
19.904,0.0
19.936,0.0
19.968,0.0
20.0,0.0
20.032,0.0
20.064,0.0
20.096,0.0
20.128,0.0
20.16,0.0
20.192,0.0
20.224,0.0
20.256,0.0
20.288,0.0
20.32,0.0
20.352,0.0
20.384,0.0
20.416,0.0
20.448,0.0
20.48,0.0
20.512,0.0
20.544,0.0
20.576,0.0
20.608,0.0
20.64,0.0
20.672,0.0
20.704,0.0
20.736,0.0
20.768,0.0
20.8,0.0
20.832,0.0
20.864,0.0
20.896,0.0
20.928,0.0
20.96,0.0
20.992,0.0
21.024,0.0
21.056,0.0
21.088,0.0
21.12,0.0
21.152,0.0
21.184,0.0
21.216,0.0
21.248,0.0
21.28,0.0
21.312,0.0
21.344,0.0
21.376,0.0
21.408,0.0
21.44,0.0
21.472,0.0
21.504,0.0
21.536,0.0
21.568,0.0
21.6,0.0
21.632,0.0
21.664,0.0
21.696,0.0
21.728,0.0
21.76,0.0
21.792,0.0
21.824,0.0
21.856,0.0
21.888,0.0
21.92,0.0
21.952,0.0
21.984,0.0
22.016000000000002,0.0
22.048000000000002,0.0
22.080000000000002,0.0
22.112000000000002,0.0
22.144000000000002,0.0
22.176000000000002,0.0
22.208000000000002,0.0
22.240000000000002,0.0
22.272000000000002,0.0
22.304000000000002,0.0
22.336000000000002,0.0
22.368000000000002,0.0
22.400000000000002,0.0
22.432000000000002,0.0
22.464000000000002,0.0
22.496000000000002,0.0
22.528,0.0
22.56,0.0
22.592,0.0
22.624,0.0
22.656,0.0
22.688,0.0
22.72,0.0
22.752,0.0
22.784,0.0
22.816,0.0
22.848,0.0
22.88,0.0
22.912,0.0
22.944,0.0
22.976,0.0
23.008,0.0
23.04,0.0
23.072,0.0
23.104,0.0
23.136,0.0
23.168,0.0
23.2,0.0
23.232,0.0
23.264,0.0
23.296,0.0
23.328,0.0
23.36,0.0
23.392,0.0
23.424,0.0
23.456,0.0
23.488,0.0
23.52,0.0
23.552,0.0
23.584,0.0
23.616,0.0
23.648,0.0
23.68,0.0
23.712,0.0
23.744,0.0
23.776,0.0
23.808,0.0
23.84,0.0
23.872,0.0
23.904,0.0
23.936,0.0
23.968,0.0
24.0,0.0
24.032,0.0
24.064,0.0
24.096,0.0
24.128,0.0
24.16,0.0
24.192,0.0
24.224,0.0
24.256,0.0
24.288,0.0
24.32,0.0
24.352,0.0
24.384,0.0
24.416,0.0
24.448,0.0
24.48,0.0
24.512,0.0
24.544,0.0
24.576,0.0
24.608,0.0
24.64,0.0
24.672,0.0
24.704,0.0
24.736,0.0
24.768,0.0
24.8,0.0
24.832,0.0
24.864,0.0
24.896,0.0
24.928,0.0
24.96,0.0
24.992,0.0
25.024,0.0
25.056,0.0
25.088,0.0
25.12,0.0
25.152,0.0
25.184,0.0
25.216,0.0
25.248,0.0
25.28,0.0
25.312,0.0
25.344,0.0
25.376,0.0
25.408,0.0
25.44,0.0
25.472,0.0
25.504,0.0
25.536,0.0
25.568,0.0
25.6,0.0
25.632,0.0
25.664,0.0
25.696,0.0
25.728,0.0
25.76,0.0
25.792,0.0
25.824,0.0
25.856,0.0
25.888,0.0
25.92,0.0
25.952,0.0
25.984,0.0
26.016000000000002,0.0
26.048000000000002,0.0
26.080000000000002,0.0
26.112000000000002,0.0
26.144000000000002,0.0
26.176000000000002,0.0
26.208000000000002,0.0
26.240000000000002,0.0
26.272000000000002,0.0
26.304000000000002,0.0
26.336000000000002,0.0
26.368000000000002,0.0
26.400000000000002,0.0
26.432000000000002,0.0
26.464000000000002,0.0
26.496000000000002,0.0
26.528000000000002,0.0
26.560000000000002,0.0
26.592000000000002,0.0
26.624000000000002,0.0
26.656,0.0
26.688,0.0
26.72,0.0
26.752,0.0
26.784,0.0
26.816,0.0
26.848,0.0
26.88,0.0
26.912,0.0
26.944,0.0
26.976,0.0
27.008,0.0
27.04,0.0
27.072,0.0
27.104,0.0
27.136,0.0
27.168,0.0
27.2,0.0
27.232,0.0
27.264,0.0
27.296,0.0
27.328,0.0
27.36,0.0
27.392,0.0
27.424,0.0
27.456,0.0
27.488,0.0
27.52,0.0
27.552,0.0
27.584,0.0
27.616,0.0
27.648,0.0
27.68,0.0
27.712,0.0
27.744,0.0
27.776,0.0
27.808,0.0
27.84,0.0
27.872,0.0
27.904,0.0
27.936,0.0
27.968,0.0
28.0,0.0
28.032,0.0
28.064,0.0
28.096,0.0
28.128,0.0
28.16,0.0
28.192,0.0
28.224,0.0
28.256,0.0
28.288,0.0
28.32,0.0
28.352,0.0
28.384,0.0
28.416,0.0
28.448,0.0
28.48,0.0
28.512,0.0
28.544,0.0
28.576,0.0
28.608,0.0
28.64,0.0
28.672,0.0
28.704,0.0
28.736,0.0
28.768,0.0
28.8,0.0
28.832,0.0
28.864,0.0
28.896,0.0
28.928,0.0
28.96,0.0
28.992,0.0
29.024,0.0
29.056,0.0
29.088,0.0
29.12,0.0
29.152,0.0
29.184,0.0
29.216,0.0
29.248,0.0
29.28,0.0
29.312,0.0
29.344,0.0
29.376,0.0
29.408,0.0
29.44,0.0
29.472,0.0
29.504,0.0
29.536,0.0
29.568,0.0
29.6,0.0
29.632,0.0
29.664,0.0
29.696,0.0
29.728,0.0
29.76,0.0
29.792,0.0
29.824,0.0
29.856,0.0
29.888,0.0
29.92,0.0
29.952,0.0
29.984,0.0
30.016000000000002,0.0
30.048000000000002,0.0
30.080000000000002,0.0
30.112000000000002,0.0
30.144000000000002,0.0
30.176000000000002,0.0
30.208000000000002,0.0
30.240000000000002,0.0
30.272000000000002,0.0
30.304000000000002,0.0
30.336000000000002,0.0
30.368000000000002,0.0
30.400000000000002,0.0
30.432000000000002,0.0
30.464000000000002,0.0
30.496000000000002,0.0
30.528000000000002,0.0
30.560000000000002,0.0
30.592000000000002,0.0
30.624000000000002,0.0
30.656000000000002,0.0
30.688000000000002,0.0
30.72,0.0
30.752,0.0
30.784,0.0
30.816,0.0
30.848,0.0
30.88,0.0
30.912,0.0
30.944,0.0
30.976,0.0
31.008,0.0
31.04,0.0
31.072,0.0
31.104,0.0
31.136,0.0
31.168,0.0
31.2,0.0
31.232,0.0
31.264,0.0
31.296,0.0
31.328,0.0
31.36,0.0
31.392,0.0
31.424,0.0
31.456,0.0
31.488,0.0
31.52,0.0
31.552,0.0
31.584,0.0
31.616,0.0
31.648,0.0
31.68,0.0
31.712,0.0
31.744,0.0
31.776,0.0
31.808,0.0
31.84,0.0
31.872,0.0
31.904,0.0
31.936,0.0
31.968,0.0
32.0,0.0
32.032000000000004,0.0
32.064,0.0
32.096000000000004,0.0
32.128,0.0
32.160000000000004,0.0
32.192,0.0
32.224000000000004,0.0
32.256,0.0
32.288000000000004,0.0
32.32,0.0
32.352000000000004,0.0
32.384,0.0
32.416000000000004,0.0
32.448,0.0
32.480000000000004,0.0
32.512,0.0
32.544000000000004,0.0
32.576,0.0
32.608000000000004,0.0
32.64,0.0
32.672000000000004,0.0
32.704,0.0
32.736000000000004,0.0
32.768,0.0
32.8,0.0
32.832,0.0
32.864,0.0
32.896,0.0
32.928,0.0
32.96,0.0
32.992,0.0
33.024,0.0
33.056,0.0
33.088,0.0
33.12,0.0
33.152,0.0
33.184,0.0
33.216,0.0
33.248,0.0
33.28,0.0
33.312,0.0
33.344,0.0
33.376,0.0
33.408,0.0
33.44,0.0
33.472,0.0
33.504,0.0
33.536,0.0
33.568,0.0
33.6,0.0
33.632,0.0
33.664,0.0
33.696,0.0
33.728,0.0
33.76,0.0
33.792,0.0
33.824,0.0
33.856,0.0
33.888,0.0
33.92,0.0
33.952,0.0
33.984,0.0
34.016,0.0
34.048,0.0
34.08,0.0
34.112,0.0
34.144,0.0
34.176,0.0
34.208,0.0
34.24,0.0
34.272,0.0
34.304,0.0
34.336,0.0
34.368,0.0
34.4,0.0
34.432,0.0
34.464,0.0
34.496,0.0
34.528,0.0
34.56,0.0
34.592,0.0
34.624,0.0
34.656,0.0
34.688,0.0
34.72,0.0
34.752,0.0
34.784,0.0
34.816,0.0
34.848,0.0
34.88,0.0
34.912,0.0
34.944,0.0
34.976,0.0
35.008,0.0
35.04,0.0
35.072,0.0
35.104,0.0
35.136,0.0
35.168,0.0
35.2,0.0
35.232,0.0
35.264,0.0
35.296,0.0
35.328,0.0
35.36,0.0
35.392,0.0
35.424,0.0
35.456,0.0
35.488,0.0
35.52,0.0
35.552,0.0
35.584,0.0
35.616,0.0
35.648,0.0
35.68,0.0
35.712,0.0
35.744,0.0
35.776,0.0
35.808,0.0
35.84,0.0
35.872,0.0
35.904,0.0
35.936,0.0
35.968,0.0
36.0,0.0
36.032000000000004,0.0
36.064,0.0
36.096000000000004,0.0
36.128,0.0
36.160000000000004,0.0
36.192,0.0
36.224000000000004,0.0
36.256,0.0
36.288000000000004,0.0
36.32,0.0
36.352000000000004,0.0
36.384,0.0
36.416000000000004,0.0
36.448,0.0
36.480000000000004,0.0
36.512,0.0
36.544000000000004,0.0
36.576,0.0
36.608000000000004,0.0
36.64,0.0
36.672000000000004,0.0
36.704,0.0
36.736000000000004,0.0
36.768,0.0
36.800000000000004,0.0
36.832,0.0
36.864000000000004,0.0
36.896,0.0
36.928,0.0
36.96,0.0
36.992,0.0
37.024,0.0
37.056,0.0
37.088,0.0
37.12,0.0
37.152,0.0
37.184,0.0
37.216,0.0
37.248,0.0
37.28,0.0
37.312,0.0
37.344,0.0
37.376,0.0
37.408,0.0
37.44,0.0
37.472,0.0
37.504,0.0
37.536,0.0
37.568,0.0
37.6,0.0
37.632,0.0
37.664,0.0
37.696,0.0
37.728,0.0
37.76,0.0
37.792,0.0
37.824,0.0
37.856,0.0
37.888,0.0
37.92,0.0
37.952,0.0
37.984,0.0
38.016,0.0
38.048,0.0
38.08,0.0
38.112,0.0
38.144,0.0
38.176,0.0
38.208,0.0
38.24,0.0
38.272,0.0
38.304,0.0
38.336,0.0
38.368,0.0
38.4,0.0
38.432,0.0
38.464,0.0
38.496,0.0
38.528,0.0
38.56,0.0
38.592,0.0
38.624,0.0
38.656,0.0
38.688,0.0
38.72,0.0
38.752,0.0
38.784,0.0
38.816,0.0
38.848,0.0
38.88,0.0
38.912,0.0
38.944,0.0
38.976,0.0
39.008,0.0
39.04,0.0
39.072,0.0
39.104,0.0
39.136,0.0
39.168,0.0
39.2,0.0
39.232,0.0
39.264,0.0
39.296,0.0
39.328,0.0
39.36,0.0
39.392,0.0
39.424,0.0
39.456,0.0
39.488,0.0
39.52,0.0
39.552,0.0
39.584,0.0
39.616,0.0
39.648,0.0
39.68,0.0
39.712,0.0
39.744,0.0
39.776,0.0
39.808,0.0
39.84,0.0
39.872,0.0
39.904,0.0
39.936,0.0
39.968,0.0
40.0,0.0
40.032000000000004,0.0
40.064,0.0
40.096000000000004,0.0
40.128,0.0
40.160000000000004,0.0
40.192,0.0
40.224000000000004,0.0
40.256,0.0
40.288000000000004,0.0
40.32,0.0
40.352000000000004,0.0
40.384,0.0
40.416000000000004,0.0
40.448,0.0
40.480000000000004,0.0
40.512,0.0
40.544000000000004,0.0
40.576,0.0
40.608000000000004,0.0
40.64,0.0
40.672000000000004,0.0
40.704,0.0
40.736000000000004,0.0
40.768,0.0
40.800000000000004,0.0
40.832,0.0
40.864000000000004,0.0
40.896,0.0
40.928000000000004,0.0
40.96,0.0
40.992,0.0
41.024,0.0
41.056,0.0
41.088,0.0
41.12,0.0
41.152,0.0
41.184,0.0
41.216,0.0
41.248,0.0
41.28,0.0
41.312,0.0
41.344,0.0
41.376,0.0
41.408,0.0
41.44,0.0
41.472,0.0
41.504,0.0
41.536,0.0
41.568,0.0
41.6,0.0
41.632,0.0
41.664,0.0
41.696,0.0
41.728,0.0
41.76,0.0
41.792,0.0
41.824,0.0
41.856,0.0
41.888,0.0
41.92,0.0
41.952,0.0
41.984,0.0
42.016,0.0
42.048,0.0
42.08,0.0
42.112,0.0
42.144,0.0
42.176,0.0
42.208,0.0
42.24,0.0
42.272,0.0
42.304,0.0
42.336,0.0
42.368,0.0
42.4,0.0
42.432,0.0
42.464,0.0
42.496,0.0
42.528,0.0
42.56,0.0
42.592,0.0
42.624,0.0
42.656,0.0
42.688,0.0
42.72,0.0
42.752,0.0
42.784,0.0
42.816,0.0
42.848,0.0
42.88,0.0
42.912,0.0
42.944,0.0
42.976,0.0
43.008,0.0
43.04,0.0
43.072,0.0
43.104,0.0
43.136,0.0
43.168,0.0
43.2,0.0
43.232,0.0
43.264,0.0
43.296,0.0
43.328,0.0
43.36,0.0
43.392,0.0
43.424,0.0
43.456,0.0
43.488,0.0
43.52,0.0
43.552,0.0
43.584,0.0
43.616,0.0
43.648,0.0
43.68,0.0
43.712,0.0
43.744,0.0
43.776,0.0
43.808,0.0
43.84,0.0
43.872,0.0
43.904,0.0
43.936,0.0
43.968,0.0
44.0,0.0
44.032000000000004,0.0
44.064,0.0
44.096000000000004,0.0
44.128,0.0
44.160000000000004,0.0
44.192,0.0
44.224000000000004,0.0
44.256,0.0
44.288000000000004,0.0
44.32,0.0
44.352000000000004,0.0
44.384,0.0
44.416000000000004,0.0
44.448,0.0
44.480000000000004,0.0
44.512,0.0
44.544000000000004,0.0
44.576,0.0
44.608000000000004,0.0
44.64,0.0
44.672000000000004,0.0
44.704,0.0
44.736000000000004,0.0
44.768,0.0
44.800000000000004,0.0
44.832,0.0
44.864000000000004,0.0
44.896,0.0
44.928000000000004,0.0
44.96,0.0
44.992000000000004,0.0
45.024,0.0
45.056,0.0
45.088,0.0
45.12,0.0
45.152,0.0
45.184,0.0
45.216,0.0
45.248,0.0
45.28,0.0
45.312,0.0
45.344,0.0
45.376,0.0
45.408,0.0
45.44,0.0
45.472,0.0
45.504,0.0
45.536,0.0
45.568,0.0
45.6,0.0
45.632,0.0
45.664,0.0
45.696,0.0
45.728,0.0
45.76,0.0
45.792,0.0
45.824,0.0
45.856,0.0
45.888,0.0
45.92,0.0
45.952,0.0
45.984,0.0
46.016,0.0
46.048,0.0
46.08,0.0
46.112,0.0
46.144,0.0
46.176,0.0
46.208,0.0
46.24,0.0
46.272,0.0
46.304,0.0
46.336,0.0
46.368,0.0
46.4,0.0
46.432,0.0
46.464,0.0
46.496,0.0
46.528,0.0
46.56,0.0
46.592,0.0
46.624,0.0
46.656,0.0
46.688,0.0
46.72,0.0
46.752,0.0
46.784,0.0
46.816,0.0
46.848,0.0
46.88,0.0
46.912,0.0
46.944,0.0
46.976,0.0
47.008,0.0
47.04,0.0
47.072,0.0
47.104,0.0
47.136,0.0
47.168,0.0
47.2,0.0
47.232,0.0
47.264,0.0
47.296,0.0
47.328,0.0
47.36,0.0
47.392,0.0
47.424,0.0
47.456,0.0
47.488,0.0
47.52,0.0
47.552,0.0
47.584,0.0
47.616,0.0
47.648,0.0
47.68,0.0
47.712,0.0
47.744,0.0
47.776,0.0
47.808,0.0
47.84,0.0
47.872,0.0
47.904,0.0
47.936,0.0
47.968,0.0
48.0,0.0
48.032000000000004,0.0
48.064,0.0
48.096000000000004,0.0
48.128,0.0
48.160000000000004,0.0
48.192,0.0
48.224000000000004,0.0
48.256,0.0
48.288000000000004,0.0
48.32,0.0
48.352000000000004,0.0
48.384,0.0
48.416000000000004,0.0
48.448,0.0
48.480000000000004,0.0
48.512,0.0
48.544000000000004,0.0
48.576,0.0
48.608000000000004,0.0
48.64,0.0
48.672000000000004,0.0
48.704,0.0
48.736000000000004,0.0
48.768,0.0
48.800000000000004,0.0
48.832,0.0
48.864000000000004,0.0
48.896,0.0
48.928000000000004,0.0
48.96,0.0
48.992000000000004,0.0
49.024,0.0
49.056000000000004,0.0
49.088,0.0
49.120000000000005,0.0
49.152,0.0
49.184,0.0
49.216,0.0
49.248,0.0
49.28,0.0
49.312,0.0
49.344,0.0
49.376,0.0
49.408,0.0
49.44,0.0
49.472,0.0
49.504,0.0
49.536,0.0
49.568,0.0
49.6,0.0
49.632,0.0
49.664,0.0
49.696,0.0
49.728,0.0
49.76,0.0
49.792,0.0
49.824,0.0
49.856,0.0
49.888,0.0
49.92,0.0
49.952,0.0
49.984,0.0
50.016,0.0
50.048,0.0
50.08,0.0
50.112,0.0
50.144,0.0
50.176,0.0
50.208,0.0
50.24,0.0
50.272,0.0
50.304,0.0
50.336,0.0
50.368,0.0
50.4,0.0
50.432,0.0
50.464,0.0
50.496,0.0
50.528,0.0
50.56,0.0
50.592,0.0
50.624,0.0
50.656,0.0
50.688,0.0
50.72,0.0
50.752,0.0
50.784,0.0
50.816,0.0
50.848,0.0
50.88,0.0
50.912,0.0
50.944,0.0
50.976,0.0
51.008,0.0
51.04,0.0
51.072,0.0
51.104,0.0
51.136,0.0
51.168,0.0
51.2,0.0
51.232,0.0
51.264,0.0
51.296,0.0
51.328,0.0
51.36,0.0
51.392,0.0
51.424,0.0
51.456,0.0
51.488,0.0
51.52,0.0
51.552,0.0
51.584,0.0
51.616,0.0
51.648,0.0
51.68,0.0
51.712,0.0
51.744,0.0
51.776,0.0
51.808,0.0
51.84,0.0
51.872,0.0
51.904,0.0
51.936,0.0
51.968,0.0
52.0,0.0
52.032000000000004,0.0
52.064,0.0
52.096000000000004,0.0
52.128,0.0
52.160000000000004,0.0
52.192,0.0
52.224000000000004,0.0
52.256,0.0
52.288000000000004,0.0
52.32,0.0
52.352000000000004,0.0
52.384,0.0
52.416000000000004,0.0
52.448,0.0
52.480000000000004,0.0
52.512,0.0
52.544000000000004,0.0
52.576,0.0
52.608000000000004,0.0
52.64,0.0
52.672000000000004,0.0
52.704,0.0
52.736000000000004,0.0
52.768,0.0
52.800000000000004,0.0
52.832,0.0
52.864000000000004,0.0
52.896,0.0
52.928000000000004,0.0
52.96,0.0
52.992000000000004,0.0
53.024,0.0
53.056000000000004,0.0
53.088,0.0
53.120000000000005,0.0
53.152,0.0
53.184000000000005,0.0
53.216,0.0
53.248000000000005,0.0
53.28,0.0
53.312,0.0
53.344,0.0
53.376,0.0
53.408,0.0
53.44,0.0
53.472,0.0
53.504,0.0
53.536,0.0
53.568,0.0
53.6,0.0
53.632,0.0
53.664,0.0
53.696,0.0
53.728,0.0
53.76,0.0
53.792,0.0
53.824,0.0
53.856,0.0
53.888,0.0
53.92,0.0
53.952,0.0
53.984,0.0
54.016,0.0
54.048,0.0
54.08,0.0
54.112,0.0
54.144,0.0
54.176,0.0
54.208,0.0
54.24,0.0
54.272,0.0
54.304,0.0
54.336,0.0
54.368,0.0
54.4,0.0
54.432,0.0
54.464,0.0
54.496,0.0
54.528,0.0
54.56,0.0
54.592,0.0
54.624,0.0
54.656,0.0
54.688,0.0
54.72,0.0
54.752,0.0
54.784,0.0
54.816,0.0
54.848,0.0
54.88,0.0
54.912,0.0
54.944,0.0
54.976,0.0
55.008,0.0
55.04,0.0
55.072,0.0
55.104,0.0
55.136,0.0
55.168,0.0
55.2,0.0
55.232,0.0
55.264,0.0
55.296,0.0
55.328,0.0
55.36,0.0
55.392,0.0
55.424,0.0
55.456,0.0
55.488,0.0
55.52,0.0
55.552,0.0
55.584,0.0
55.616,0.0
55.648,0.0
55.68,0.0
55.712,0.0
55.744,0.0
55.776,0.0
55.808,0.0
55.84,0.0
55.872,0.0
55.904,0.0
55.936,0.0
55.968,0.0
56.0,0.0
56.032000000000004,0.0
56.064,0.0
56.096000000000004,0.0
56.128,0.0
56.160000000000004,0.0
56.192,0.0
56.224000000000004,0.0
56.256,0.0
56.288000000000004,0.0
56.32,0.0
56.352000000000004,0.0
56.384,0.0
56.416000000000004,0.0
56.448,0.0
56.480000000000004,0.0
56.512,0.0
56.544000000000004,0.0
56.576,0.0
56.608000000000004,0.0
56.64,0.0
56.672000000000004,0.0
56.704,0.0
56.736000000000004,0.0
56.768,0.0
56.800000000000004,0.0
56.832,0.0
56.864000000000004,0.0
56.896,0.0
56.928000000000004,0.0
56.96,0.0
56.992000000000004,0.0
57.024,0.0
57.056000000000004,0.0
57.088,0.0
57.120000000000005,0.0
57.152,0.0
57.184000000000005,0.0
57.216,0.0
57.248000000000005,0.0
57.28,0.0
57.312000000000005,0.0
57.344,0.0
57.376,0.0
57.408,0.0
57.44,0.0
57.472,0.0
57.504,0.0
57.536,0.0
57.568,0.0
57.6,0.0
57.632,0.0
57.664,0.0
57.696,0.0
57.728,0.0
57.76,0.0
57.792,0.0
57.824,0.0
57.856,0.0
57.888,0.0
57.92,0.0
57.952,0.0
57.984,0.0
58.016,0.0
58.048,0.0
58.08,0.0
58.112,0.0
58.144,0.0
58.176,0.0
58.208,0.0
58.24,0.0
58.272,0.0
58.304,0.0
58.336,0.0
58.368,0.0
58.4,0.0
58.432,0.0
58.464,0.0
58.496,0.0
58.528,0.0
58.56,0.0
58.592,0.0
58.624,0.0
58.656,0.0
58.688,0.0
58.72,0.0
58.752,0.0
58.784,0.0
58.816,0.0
58.848,0.0
58.88,0.0
58.912,0.0
58.944,0.0
58.976,0.0
59.008,0.0
59.04,0.0
59.072,0.0
59.104,0.0
59.136,0.0
59.168,0.0
59.2,0.0
59.232,0.0
59.264,0.0
59.296,0.0
59.328,0.0
59.36,0.0
59.392,0.0
59.424,0.0
59.456,0.0
59.488,0.0
59.52,0.0
59.552,0.0
59.584,0.0
59.616,0.0
59.648,0.0
59.68,0.0
59.712,0.0
59.744,0.0
59.776,0.0
59.808,0.0
59.84,0.0
59.872,0.0
59.904,0.0
59.936,0.0
59.968,0.0
60.0,0.0
60.032000000000004,0.0
60.064,0.0
60.096000000000004,0.0
60.128,0.0
60.160000000000004,0.0
60.192,0.0
60.224000000000004,0.0
60.256,0.0
60.288000000000004,0.0
60.32,0.0
60.352000000000004,0.0
60.384,0.0
60.416000000000004,0.0
60.448,0.0
60.480000000000004,0.0
60.512,0.0
60.544000000000004,0.0
60.576,0.0
60.608000000000004,0.0
60.64,0.0
60.672000000000004,0.0
60.704,0.0
60.736000000000004,0.0
60.768,0.0
60.800000000000004,0.0
60.832,0.0
60.864000000000004,0.0
60.896,0.0
60.928000000000004,0.0
60.96,0.0
60.992000000000004,0.0
61.024,0.0
61.056000000000004,0.0
61.088,0.0
61.120000000000005,0.0
61.152,0.0
61.184000000000005,0.0
61.216,0.0
61.248000000000005,0.0
61.28,0.0
61.312000000000005,0.0
61.344,0.0
61.376000000000005,0.0
61.408,0.0
61.44,0.0
61.472,0.0
61.504,0.0
61.536,0.0
61.568,0.0
61.6,0.0
61.632,0.0
61.664,0.0
61.696,0.0
61.728,0.0
61.76,0.0
61.792,0.0
61.824,0.0
61.856,0.0
61.888,0.0
61.92,0.0
61.952,0.0
61.984,0.0
62.016,0.0
62.048,0.0
62.08,0.0
62.112,0.0
62.144,0.0
62.176,0.0
62.208,0.0
62.24,0.0
62.272,0.0
62.304,0.0
62.336,0.0
62.368,0.0
62.4,0.0
62.432,0.0
62.464,0.0
62.496,0.0
62.528,0.0
62.56,0.0
62.592,0.0
62.624,0.0
62.656,0.0
62.688,0.0
62.72,0.0
62.752,0.0
62.784,0.0
62.816,0.0
62.848,0.0
62.88,0.0
62.912,0.0
62.944,0.0
62.976,0.0
63.008,0.0
63.04,0.0
63.072,0.0
63.104,0.0
63.136,0.0
63.168,0.0
63.2,0.0
63.232,0.0
63.264,0.0
63.296,0.0
63.328,0.0
63.36,0.0
63.392,0.0
63.424,0.0
63.456,0.0
63.488,0.0
63.52,0.0
63.552,0.0
63.584,0.0
63.616,0.0
63.648,0.0
63.68,0.0
63.712,0.0
63.744,0.0
63.776,0.0
63.808,0.0
63.84,0.0
63.872,0.0
63.904,0.0
63.936,0.0
63.968,0.0
64.0,0.0
64.032,0.0
64.06400000000001,0.0
64.096,0.0
64.128,0.0
64.16,0.0
64.19200000000001,0.0
64.224,0.0
64.256,0.0
64.288,0.0
64.32000000000001,0.0
64.352,0.0
64.384,0.0
64.416,0.0
64.44800000000001,0.0
64.48,0.0
64.512,0.0
64.544,0.0
64.57600000000001,0.0
64.608,0.0
64.64,0.0
64.672,0.0
64.70400000000001,0.0
64.736,0.0
64.768,0.0
64.8,0.0
64.83200000000001,0.0
64.864,0.0
64.896,0.0
64.928,0.0
64.96000000000001,0.0
64.992,0.0
65.024,0.0
65.056,0.0
65.08800000000001,0.0
65.12,0.0
65.152,0.0
65.184,0.0
65.21600000000001,0.0
65.248,0.0
65.28,0.0
65.312,0.0
65.34400000000001,0.0
65.376,0.0
65.408,0.0
65.44,0.0
65.47200000000001,0.0
65.504,0.0
65.536,0.0
65.568,0.0
65.6,0.0
65.632,0.0
65.664,0.0
65.696,0.0
65.728,0.0
65.76,0.0
65.792,0.0
65.824,0.0
65.856,0.0
65.888,0.0
65.92,0.0
65.952,0.0
65.984,0.0
66.016,0.0
66.048,0.0
66.08,0.0
66.112,0.0
66.144,0.0
66.176,0.0
66.208,0.0
66.24,0.0
66.272,0.0
66.304,0.0
66.336,0.0
66.368,0.0
66.4,0.0
66.432,0.0
66.464,0.0
66.496,0.0
66.528,0.0
66.56,0.0
66.592,0.0
66.624,0.0
66.656,0.0
66.688,0.0
66.72,0.0
66.752,0.0
66.784,0.0
66.816,0.0
66.848,0.0
66.88,0.0
66.912,0.0
66.944,0.0
66.976,0.0
67.008,0.0
67.04,0.0
67.072,0.0
67.104,0.0
67.136,0.0
67.168,0.0
67.2,0.0
67.232,0.0
67.264,0.0
67.296,0.0
67.328,0.0
67.36,0.0
67.392,0.0
67.424,0.0
67.456,0.0
67.488,0.0
67.52,0.0
67.552,0.0
67.584,0.0
67.616,0.0
67.648,0.0
67.68,0.0
67.712,0.0
67.744,0.0
67.776,0.0
67.808,0.0
67.84,0.0
67.872,0.0
67.904,0.0
67.936,0.0
67.968,0.0
68.0,0.0
68.032,0.0
68.06400000000001,0.0
68.096,0.0
68.128,0.0
68.16,0.0
68.19200000000001,0.0
68.224,0.0
68.256,0.0
68.288,0.0
68.32000000000001,0.0
68.352,0.0
68.384,0.0
68.416,0.0
68.44800000000001,0.0
68.48,0.0
68.512,0.0
68.544,0.0
68.57600000000001,0.0
68.608,0.0
68.64,0.0
68.672,0.0
68.70400000000001,0.0
68.736,0.0
68.768,0.0
68.8,0.0
68.83200000000001,0.0
68.864,0.0
68.896,0.0
68.928,0.0
68.96000000000001,0.0
68.992,0.0
69.024,0.0
69.056,0.0
69.08800000000001,0.0
69.12,0.0
69.152,0.0
69.184,0.0
69.21600000000001,0.0
69.248,0.0
69.28,0.0
69.312,0.0
69.34400000000001,0.0
69.376,0.0
69.408,0.0
69.44,0.0
69.47200000000001,0.0
69.504,0.0
69.536,0.0
69.568,0.0
69.60000000000001,0.0
69.632,0.0
69.664,0.0
69.696,0.0
69.728,0.0
69.76,0.0
69.792,0.0
69.824,0.0
69.856,0.0
69.888,0.0
69.92,0.0
69.952,0.0
69.984,0.0
70.016,0.0
70.048,0.0
70.08,0.0
70.112,0.0
70.144,0.0
70.176,0.0
70.208,0.0
70.24,0.0
70.272,0.0
70.304,0.0
70.336,0.0
70.368,0.0
70.4,0.0
70.432,0.0
70.464,0.0
70.496,0.0
70.528,0.0
70.56,0.0
70.592,0.0
70.624,0.0
70.656,0.0
70.688,0.0
70.72,0.0
70.752,0.0
70.784,0.0
70.816,0.0
70.848,0.0
70.88,0.0
70.912,0.0
70.944,0.0
70.976,0.0
71.008,0.0
71.04,0.0
71.072,0.0
71.104,0.0
71.136,0.0
71.168,0.0
71.2,0.0
71.232,0.0
71.264,0.0
71.296,0.0
71.328,0.0
71.36,0.0
71.392,0.0
71.424,0.0
71.456,0.0
71.488,0.0
71.52,0.0
71.552,0.0
71.584,0.0
71.616,0.0
71.648,0.0
71.68,0.0
71.712,0.0
71.744,0.0
71.776,0.0
71.808,0.0
71.84,0.0
71.872,0.0
71.904,0.0
71.936,0.0
71.968,0.0
72.0,0.0
72.032,0.0
72.06400000000001,0.0
72.096,0.0
72.128,0.0
72.16,0.0
72.19200000000001,0.0
72.224,0.0
72.256,0.0
72.288,0.0
72.32000000000001,0.0
72.352,0.0
72.384,0.0
72.416,0.0
72.44800000000001,0.0
72.48,0.0
72.512,0.0
72.544,0.0
72.57600000000001,0.0
72.608,0.0
72.64,0.0
72.672,0.0
72.70400000000001,0.0
72.736,0.0
72.768,0.0
72.8,0.0
72.83200000000001,0.0
72.864,0.0
72.896,0.0
72.928,0.0
72.96000000000001,0.0
72.992,0.0
73.024,0.0
73.056,0.0
73.08800000000001,0.0
73.12,0.0
73.152,0.0
73.184,0.0
73.21600000000001,0.0
73.248,0.0
73.28,0.0
73.312,0.0
73.34400000000001,0.0
73.376,0.0
73.408,0.0
73.44,0.0
73.47200000000001,0.0
73.504,0.0
73.536,0.0
73.568,0.0
73.60000000000001,0.0
73.632,0.0
73.664,0.0
73.696,0.0
73.72800000000001,0.0
73.76,0.0
73.792,0.0
73.824,0.0
73.856,0.0
73.888,0.0
73.92,0.0
73.952,0.0
73.984,0.0
74.016,0.0
74.048,0.0
74.08,0.0
74.112,0.0
74.144,0.0
74.176,0.0
74.208,0.0
74.24,0.0
74.272,0.0
74.304,0.0
74.336,0.0
74.368,0.0
74.4,0.0
74.432,0.0
74.464,0.0
74.496,0.0
74.528,0.0
74.56,0.0
74.592,0.0
74.624,0.0
74.656,0.0
74.688,0.0
74.72,0.0
74.752,0.0
74.784,0.0
74.816,0.0
74.848,0.0
74.88,0.0
74.912,0.0
74.944,0.0
74.976,0.0
75.008,0.0
75.04,0.0
75.072,0.0
75.104,0.0
75.136,0.0
75.168,0.0
75.2,0.0
75.232,0.0
75.264,0.0
75.296,0.0
75.328,0.0
75.36,0.0
75.392,0.0
75.424,0.0
75.456,0.0
75.488,0.0
75.52,0.0
75.552,0.0
75.584,0.0
75.616,0.0
75.648,0.0
75.68,0.0
75.712,0.0
75.744,0.0
75.776,0.0
75.808,0.0
75.84,0.0
75.872,0.0
75.904,0.0
75.936,0.0
75.968,0.0
76.0,0.0
76.032,0.0
76.06400000000001,0.0
76.096,0.0
76.128,0.0
76.16,0.0
76.19200000000001,0.0
76.224,0.0
76.256,0.0
76.288,0.0
76.32000000000001,0.0
76.352,0.0
76.384,0.0
76.416,0.0
76.44800000000001,0.0
76.48,0.0
76.512,0.0
76.544,0.0
76.57600000000001,0.0
76.608,0.0
76.64,0.0
76.672,0.0
76.70400000000001,0.0
76.736,0.0
76.768,0.0
76.8,0.0
76.83200000000001,0.0
76.864,0.0
76.896,0.0
76.928,0.0
76.96000000000001,0.0
76.992,0.0
77.024,0.0
77.056,0.0
77.08800000000001,0.0
77.12,0.0
77.152,0.0
77.184,0.0
77.21600000000001,0.0
77.248,0.0
77.28,0.0
77.312,0.0
77.34400000000001,0.0
77.376,0.0
77.408,0.0
77.44,0.0
77.47200000000001,0.0
77.504,0.0
77.536,0.0
77.568,0.0
77.60000000000001,0.0
77.632,0.0
77.664,0.0
77.696,0.0
77.72800000000001,0.0
77.76,0.0
77.792,0.0
77.824,0.0
77.856,0.0
77.888,0.0
77.92,0.0
77.952,0.0
77.984,0.0
78.016,0.0
78.048,0.0
78.08,0.0
78.112,0.0
78.144,0.0
78.176,0.0
78.208,0.0
78.24,0.0
78.272,0.0
78.304,0.0
78.336,0.0
78.368,0.0
78.4,0.0
78.432,0.0
78.464,0.0
78.496,0.0
78.528,0.0
78.56,0.0
78.592,0.0
78.624,0.0
78.656,0.0
78.688,0.0
78.72,0.0
78.752,0.0
78.784,0.0
78.816,0.0
78.848,0.0
78.88,0.0
78.912,0.0
78.944,0.0
78.976,0.0
79.008,0.0
79.04,0.0
79.072,0.0
79.104,0.0
79.136,0.0
79.168,0.0
79.2,0.0
79.232,0.0
79.264,0.0
79.296,0.0
79.328,0.0
79.36,0.0
79.392,0.0
79.424,0.0
79.456,0.0
79.488,0.0
79.52,0.0
79.552,0.0
79.584,0.0
79.616,0.0
79.648,0.0
79.68,0.0
79.712,0.0
79.744,0.0
79.776,0.0
79.808,0.0
79.84,0.0
79.872,0.0
79.904,0.0
79.936,0.0
79.968,0.0
80.0,0.0
80.032,0.0
80.06400000000001,0.0
80.096,0.0
80.128,0.0
80.16,0.0
80.19200000000001,0.0
80.224,0.0
80.256,0.0
80.288,0.0
80.32000000000001,0.0
80.352,0.0
80.384,0.0
80.416,0.0
80.44800000000001,0.0
80.48,0.0
80.512,0.0
80.544,0.0
80.57600000000001,0.0
80.608,0.0
80.64,0.0
80.672,0.0
80.70400000000001,0.0
80.736,0.0
80.768,0.0
80.8,0.0
80.83200000000001,0.0
80.864,0.0
80.896,0.0
80.928,0.0
80.96000000000001,0.0
80.992,0.0
81.024,0.0
81.056,0.0
81.08800000000001,0.0
81.12,0.0
81.152,0.0
81.184,0.0
81.21600000000001,0.0
81.248,0.0
81.28,0.0
81.312,0.0
81.34400000000001,0.0
81.376,0.0
81.408,0.0
81.44,0.0
81.47200000000001,0.0
81.504,0.0
81.536,0.0
81.568,0.0
81.60000000000001,0.0
81.632,0.0
81.664,0.0
81.696,0.0
81.72800000000001,0.0
81.76,0.0
81.792,0.0
81.824,0.0
81.85600000000001,0.0
81.888,0.0
81.92,0.0
81.952,0.0
81.984,0.0
82.016,0.0
82.048,0.0
82.08,0.0
82.112,0.0
82.144,0.0
82.176,0.0
82.208,0.0
82.24,0.0
82.272,0.0
82.304,0.0
82.336,0.0
82.368,0.0
82.4,0.0
82.432,0.0
82.464,0.0
82.496,0.0
82.528,0.0
82.56,0.0
82.592,0.0
82.624,0.0
82.656,0.0
82.688,0.0
82.72,0.0
82.752,0.0
82.784,0.0
82.816,0.0
82.848,0.0
82.88,0.0
82.912,0.0
82.944,0.0
82.976,0.0
83.008,0.0
83.04,0.0
83.072,0.0
83.104,0.0
83.136,0.0
83.168,0.0
83.2,0.0
83.232,0.0
83.264,0.0
83.296,0.0
83.328,0.0
83.36,0.0
83.392,0.0
83.424,0.0
83.456,0.0
83.488,0.0
83.52,0.0
83.552,0.0
83.584,0.0
83.616,0.0
83.648,0.0
83.68,0.0
83.712,0.0
83.744,0.0
83.776,0.0
83.808,0.0
83.84,0.0
83.872,0.0
83.904,0.0
83.936,0.0
83.968,0.0
84.0,0.0
84.032,0.0
84.06400000000001,0.0
84.096,0.0
84.128,0.0
84.16,0.0
84.19200000000001,0.0
84.224,0.0
84.256,0.0
84.288,0.0
84.32000000000001,0.0
84.352,0.0
84.384,0.0
84.416,0.0
84.44800000000001,0.0
84.48,0.0
84.512,0.0
84.544,0.0
84.57600000000001,0.0
84.608,0.0
84.64,0.0
84.672,0.0
84.70400000000001,0.0
84.736,0.0
84.768,0.0
84.8,0.0
84.83200000000001,0.0
84.864,0.0
84.896,0.0
84.928,0.0
84.96000000000001,0.0
84.992,0.0
85.024,0.0
85.056,0.0
85.08800000000001,0.0
85.12,0.0
85.152,0.0
85.184,0.0
85.21600000000001,0.0
85.248,0.0
85.28,0.0
85.312,0.0
85.34400000000001,0.0
85.376,0.0
85.408,0.0
85.44,0.0
85.47200000000001,0.0
85.504,0.0
85.536,0.0
85.568,0.0
85.60000000000001,0.0
85.632,0.0
85.664,0.0
85.696,0.0
85.72800000000001,0.0
85.76,0.0
85.792,0.0
85.824,0.0
85.85600000000001,0.0
85.888,0.0
85.92,0.0
85.952,0.0
85.98400000000001,0.0
86.016,0.0
86.048,0.0
86.08,0.0
86.112,0.0
86.144,0.0
86.176,0.0
86.208,0.0
86.24,0.0
86.272,0.0
86.304,0.0
86.336,0.0
86.368,0.0
86.4,0.0
86.432,0.0
86.464,0.0
86.496,0.0
86.528,0.0
86.56,0.0
86.592,0.0
86.624,0.0
86.656,0.0
86.688,0.0
86.72,0.0
86.752,0.0
86.784,0.0
86.816,0.0
86.848,0.0
86.88,0.0
86.912,0.0
86.944,0.0
86.976,0.0
87.008,0.0
87.04,0.0
87.072,0.0
87.104,0.0
87.136,0.0
87.168,0.0
87.2,0.0
87.232,0.0
87.264,0.0
87.296,0.0
87.328,0.0
87.36,0.0
87.392,0.0
87.424,0.0
87.456,0.0
87.488,0.0
87.52,0.0
87.552,0.0
87.584,0.0
87.616,0.0
87.648,0.0
87.68,0.0
87.712,0.0
87.744,0.0
87.776,0.0
87.808,0.0
87.84,0.0
87.872,0.0
87.904,0.0
87.936,0.0
87.968,0.0
88.0,0.0
88.032,0.0
88.06400000000001,0.0
88.096,0.0
88.128,0.0
88.16,0.0
88.19200000000001,0.0
88.224,0.0
88.256,0.0
88.288,0.0
88.32000000000001,0.0
88.352,0.0
88.384,0.0
88.416,0.0
88.44800000000001,0.0
88.48,0.0
88.512,0.0
88.544,0.0
88.57600000000001,0.0
88.608,0.0
88.64,0.0
88.672,0.0
88.70400000000001,0.0
88.736,0.0
88.768,0.0
88.8,0.0
88.83200000000001,0.0
88.864,0.0
88.896,0.0
88.928,0.0
88.96000000000001,0.0
88.992,0.0
89.024,0.0
89.056,0.0
89.08800000000001,0.0
89.12,0.0
89.152,0.0
89.184,0.0
89.21600000000001,0.0
89.248,0.0
89.28,0.0
89.312,0.0
89.34400000000001,0.0
89.376,0.0
89.408,0.0
89.44,0.0
89.47200000000001,0.0
89.504,0.0
89.536,0.0
89.568,0.0
89.60000000000001,0.0
89.632,0.0
89.664,0.0
89.696,0.0
89.72800000000001,0.0
89.76,0.0
89.792,0.0
89.824,0.0
89.85600000000001,0.0
89.888,0.0
89.92,0.0
89.952,0.0
89.98400000000001,0.0
90.016,0.0
90.048,0.0
90.08,0.0
90.112,0.0
90.144,0.0
90.176,0.0
90.208,0.0
90.24,0.0
90.272,0.0
90.304,0.0
90.336,0.0
90.368,0.0
90.4,0.0
90.432,0.0
90.464,0.0
90.496,0.0
90.528,0.0
90.56,0.0
90.592,0.0
90.624,0.0
90.656,0.0
90.688,0.0
90.72,0.0
90.752,0.0
90.784,0.0
90.816,0.0
90.848,0.0
90.88,0.0
90.912,0.0
90.944,0.0
90.976,0.0
91.008,0.0
91.04,0.0
91.072,0.0
91.104,0.0
91.136,0.0
91.168,0.0
91.2,0.0
91.232,0.0
91.264,0.0
91.296,0.0
91.328,0.0
91.36,0.0
91.392,0.0
91.424,0.0
91.456,0.0
91.488,0.0
91.52,0.0
91.552,0.0
91.584,0.0
91.616,0.0
91.648,0.0
91.68,0.0
91.712,0.0
91.744,0.0
91.776,0.0
91.808,0.0
91.84,0.0
91.872,0.0
91.904,0.0
91.936,0.0
91.968,0.0
92.0,0.0
92.032,0.0
92.06400000000001,0.0
92.096,0.0
92.128,0.0
92.16,0.0
92.19200000000001,0.0
92.224,0.0
92.256,0.0
92.288,0.0
92.32000000000001,0.0
92.352,0.0
92.384,0.0
92.416,0.0
92.44800000000001,0.0
92.48,0.0
92.512,0.0
92.544,0.0
92.57600000000001,0.0
92.608,0.0
92.64,0.0
92.672,0.0
92.70400000000001,0.0
92.736,0.0
92.768,0.0
92.8,0.0
92.83200000000001,0.0
92.864,0.0
92.896,0.0
92.928,0.0
92.96000000000001,0.0
92.992,0.0
93.024,0.0
93.056,0.0
93.08800000000001,0.0
93.12,0.0
93.152,0.0
93.184,0.0
93.21600000000001,0.0
93.248,0.0
93.28,0.0
93.312,0.0
93.34400000000001,0.0
93.376,0.0
93.408,0.0
93.44,0.0
93.47200000000001,0.0
93.504,0.0
93.536,0.0
93.568,0.0
93.60000000000001,0.0
93.632,0.0
93.664,0.0
93.696,0.0
93.72800000000001,0.0
93.76,0.0
93.792,0.0
93.824,0.0
93.85600000000001,0.0
93.888,0.0
93.92,0.0
93.952,0.0
93.98400000000001,0.0
94.016,0.0
94.048,0.0
94.08,0.0
94.11200000000001,0.0
94.144,0.0
94.176,0.0
94.208,0.0
94.24,0.0
94.272,0.0
94.304,0.0
94.336,0.0
94.368,0.0
94.4,0.0
94.432,0.0
94.464,0.0
94.496,0.0
94.528,0.0
94.56,0.0
94.592,0.0
94.624,0.0
94.656,0.0
94.688,0.0
94.72,0.0
94.752,0.0
94.784,0.0
94.816,0.0
94.848,0.0
94.88,0.0
94.912,0.0
94.944,0.0
94.976,0.0
95.008,0.0
95.04,0.0
95.072,0.0
95.104,0.0
95.136,0.0
95.168,0.0
95.2,0.0
95.232,0.0
95.264,0.0
95.296,0.0
95.328,0.0
95.36,0.0
95.392,0.0
95.424,0.0
95.456,0.0
95.488,0.0
95.52,0.0
95.552,0.0
95.584,0.0
95.616,0.0
95.648,0.0
95.68,0.0
95.712,0.0
95.744,0.0
95.776,0.0
95.808,0.0
95.84,0.0
95.872,0.0
95.904,0.0
95.936,0.0
95.968,0.0
96.0,0.0
96.032,0.0
96.06400000000001,0.0
96.096,0.0
96.128,0.0
96.16,0.0
96.19200000000001,0.0
96.224,0.0
96.256,0.0
96.288,0.0
96.32000000000001,0.0
96.352,0.0
96.384,0.0
96.416,0.0
96.44800000000001,0.0
96.48,0.0
96.512,0.0
96.544,0.0
96.57600000000001,0.0
96.608,0.0
96.64,0.0
96.672,0.0
96.70400000000001,0.0
96.736,0.0
96.768,0.0
96.8,0.0
96.83200000000001,0.0
96.864,0.0
96.896,0.0
96.928,0.0
96.96000000000001,0.0
96.992,0.0
97.024,0.0
97.056,0.0
97.08800000000001,0.0
97.12,0.0
97.152,0.0
97.184,0.0
97.21600000000001,0.0
97.248,0.0
97.28,0.0
97.312,0.0
97.34400000000001,0.0
97.376,0.0
97.408,0.0
97.44,0.0
97.47200000000001,0.0
97.504,0.0
97.536,0.0
97.568,0.0
97.60000000000001,0.0
97.632,0.0
97.664,0.0
97.696,0.0
97.72800000000001,0.0
97.76,0.0
97.792,0.0
97.824,0.0
97.85600000000001,0.0
97.888,0.0
97.92,0.0
97.952,0.0
97.98400000000001,0.0
98.016,0.0
98.048,0.0
98.08,0.0
98.11200000000001,0.0
98.144,0.0
98.176,0.0
98.208,0.0
98.24000000000001,0.0
98.272,0.0
98.304,0.0
98.336,0.0
98.368,0.0
98.4,0.0
98.432,0.0
98.464,0.0
98.496,0.0
98.528,0.0
98.56,0.0
98.592,0.0
98.624,0.0
98.656,0.0
98.688,0.0
98.72,0.0
98.752,0.0
98.784,0.0
98.816,0.0
98.848,0.0
98.88,0.0
98.912,0.0
98.944,0.0
98.976,0.0
99.008,0.0
99.04,0.0
99.072,0.0
99.104,0.0
99.136,0.0
99.168,0.0
99.2,0.0
99.232,0.0
99.264,0.0
99.296,0.0
99.328,0.0
99.36,0.0
99.392,0.0
99.424,0.0
99.456,0.0
99.488,0.0
99.52,0.0
99.552,0.0
99.584,0.0
99.616,0.0
99.648,0.0
99.68,0.0
99.712,0.0
99.744,0.0
99.776,0.0
99.808,0.0
99.84,0.0
99.872,0.0
99.904,0.0
99.936,0.0
99.968,0.0
100.0,0.0
100.032,0.0
100.06400000000001,0.0
100.096,0.0
100.128,0.0
100.16,0.0
100.19200000000001,0.0
100.224,0.0
100.256,0.0
100.288,0.0
100.32000000000001,0.0
100.352,0.0
100.384,0.0
100.416,0.0
100.44800000000001,0.0
100.48,0.0
100.512,0.0
100.544,0.0
100.57600000000001,0.0
100.608,0.0
100.64,0.0
100.672,0.0
100.70400000000001,0.0
100.736,0.0
100.768,0.0
100.8,0.0
100.83200000000001,0.0
100.864,0.0
100.896,0.0
100.928,0.0
100.96000000000001,0.0
100.992,0.0
101.024,0.0
101.056,0.0
101.08800000000001,0.0
101.12,0.0
101.152,0.0
101.184,0.0
101.21600000000001,0.0
101.248,0.0
101.28,0.0
101.312,0.0
101.34400000000001,0.0
101.376,0.0
101.408,0.0
101.44,0.0
101.47200000000001,0.0
101.504,0.0
101.536,0.0
101.568,0.0
101.60000000000001,0.0
101.632,0.0
101.664,0.0
101.696,0.0
101.72800000000001,0.0
101.76,0.0
101.792,0.0
101.824,0.0
101.85600000000001,0.0
101.888,0.0
101.92,0.0
101.952,0.0
101.98400000000001,0.0
102.016,0.0
102.048,0.0
102.08,0.0
102.11200000000001,0.0
102.144,0.0
102.176,0.0
102.208,0.0
102.24000000000001,0.0
102.272,0.0
102.304,0.0
102.336,0.0
102.36800000000001,0.0
102.4,0.0
102.432,0.0
102.464,0.0
102.496,0.0
102.528,0.0
102.56,0.0
102.592,0.0
102.624,0.0
102.656,0.0
102.688,0.0
102.72,0.0
102.752,0.0
102.784,0.0
102.816,0.0
102.848,0.0
102.88,0.0
102.912,0.0
102.944,0.0
102.976,0.0
103.008,0.0
103.04,0.0
103.072,0.0
103.104,0.0
103.136,0.0
103.168,0.0
103.2,0.0
103.232,0.0
103.264,0.0
103.296,0.0
103.328,0.0
103.36,0.0
103.392,0.0
103.424,0.0
103.456,0.0
103.488,0.0
103.52,0.0
103.552,0.0
103.584,0.0
103.616,0.0
103.648,0.0
103.68,0.0
103.712,0.0
103.744,0.0
103.776,0.0
103.808,0.0
103.84,0.0
103.872,0.0
103.904,0.0
103.936,0.0
103.968,0.0
104.0,0.0
104.032,0.0
104.06400000000001,0.0
104.096,0.0
104.128,0.0
104.16,0.0
104.19200000000001,0.0
104.224,0.0
104.256,0.0
104.288,0.0
104.32000000000001,0.0
104.352,0.0
104.384,0.0
104.416,0.0
104.44800000000001,0.0
104.48,0.0
104.512,0.0
104.544,0.0
104.57600000000001,0.0
104.608,0.0
104.64,0.0
104.672,0.0
104.70400000000001,0.0
104.736,0.0
104.768,0.0
104.8,0.0
104.83200000000001,0.0
104.864,0.0
104.896,0.0
104.928,0.0
104.96000000000001,0.0
104.992,0.0
105.024,0.0
105.056,0.0
105.08800000000001,0.0
105.12,0.0
105.152,0.0
105.184,0.0
105.21600000000001,0.0
105.248,0.0
105.28,0.0
105.312,0.0
105.34400000000001,0.0
105.376,0.0
105.408,0.0
105.44,0.0
105.47200000000001,0.0
105.504,0.0
105.536,0.0
105.568,0.0
105.60000000000001,0.0
105.632,0.0
105.664,0.0
105.696,0.0
105.72800000000001,0.0
105.76,0.0
105.792,0.0
105.824,0.0
105.85600000000001,0.0
105.888,0.0
105.92,0.0
105.952,0.0
105.98400000000001,0.0
106.016,0.0
106.048,0.0
106.08,0.0
106.11200000000001,0.0
106.144,0.0
106.176,0.0
106.208,0.0
106.24000000000001,0.0
106.272,0.0
106.304,0.0
106.336,0.0
106.36800000000001,0.0
106.4,0.0
106.432,0.0
106.464,0.0
106.49600000000001,0.0
106.528,0.0
106.56,0.0
106.592,0.0
106.624,0.0
106.656,0.0
106.688,0.0
106.72,0.0
106.752,0.0
106.784,0.0
106.816,0.0
106.848,0.0
106.88,0.0
106.912,0.0
106.944,0.0
106.976,0.0
107.008,0.0
107.04,0.0
107.072,0.0
107.104,0.0
107.136,0.0
107.168,0.0
107.2,0.0
107.232,0.0
107.264,0.0
107.296,0.0
107.328,0.0
107.36,0.0
107.392,0.0
107.424,0.0
107.456,0.0
107.488,0.0
107.52,0.0
107.552,0.0
107.584,0.0
107.616,0.0
107.648,0.0
107.68,0.0
107.712,0.0
107.744,0.0
107.776,0.0
107.808,0.0
107.84,0.0
107.872,0.0
107.904,0.0
107.936,0.0
107.968,0.0
108.0,0.0
108.032,0.0
108.06400000000001,0.0
108.096,0.0
108.128,0.0
108.16,0.0
108.19200000000001,0.0
108.224,0.0
108.256,0.0
108.288,0.0
108.32000000000001,0.0
108.352,0.0
108.384,0.0
108.416,0.0
108.44800000000001,0.0
108.48,0.0
108.512,0.0
108.544,0.0
108.57600000000001,0.0
108.608,0.0
108.64,0.0
108.672,0.0
108.70400000000001,0.0
108.736,0.0
108.768,0.0
108.8,0.0
108.83200000000001,0.0
108.864,0.0
108.896,0.0
108.928,0.0
108.96000000000001,0.0
108.992,0.0
109.024,0.0
109.056,0.0
109.08800000000001,0.0
109.12,0.0
109.152,0.0
109.184,0.0
109.21600000000001,0.0
109.248,0.0
109.28,0.0
109.312,0.0
109.34400000000001,0.0
109.376,0.0
109.408,0.0
109.44,0.0
109.47200000000001,0.0
109.504,0.0
109.536,0.0
109.568,0.0
109.60000000000001,0.0
109.632,0.0
109.664,0.0
109.696,0.0
109.72800000000001,0.0
109.76,0.0
109.792,0.0
109.824,0.0
109.85600000000001,0.0
109.888,0.0
109.92,0.0
109.952,0.0
109.98400000000001,0.0
110.016,0.0
110.048,0.0
110.08,0.0
110.11200000000001,0.0
110.144,0.0
110.176,0.0
110.208,0.0
110.24000000000001,0.0
110.272,0.0
110.304,0.0
110.336,0.0
110.36800000000001,0.0
110.4,0.0
110.432,0.0
110.464,0.0
110.49600000000001,0.0
110.528,0.0
110.56,0.0
110.592,0.0
110.624,0.0
110.656,0.0
110.688,0.0
110.72,0.0
110.752,0.0
110.784,0.0
110.816,0.0
110.848,0.0
110.88,0.0
110.912,0.0
110.944,0.0
110.976,0.0
111.008,0.0
111.04,0.0
111.072,0.0
111.104,0.0
111.136,0.0
111.168,0.0
111.2,0.0
111.232,0.0
111.264,0.0
111.296,0.0
111.328,0.0
111.36,0.0
111.392,0.0
111.424,0.0
111.456,0.0
111.488,0.0
111.52,0.0
111.552,0.0
111.584,0.0
111.616,0.0
111.648,0.0
111.68,0.0
111.712,0.0
111.744,0.0
111.776,0.0
111.808,0.0
111.84,0.0
111.872,0.0
111.904,0.0
111.936,0.0
111.968,0.0
112.0,0.0
112.032,0.0
112.06400000000001,0.0
112.096,0.0
112.128,0.0
112.16,0.0
112.19200000000001,0.0
112.224,0.0
112.256,0.0
112.288,0.0
112.32000000000001,0.0
112.352,0.0
112.384,0.0
112.416,0.0
112.44800000000001,0.0
112.48,0.0
112.512,0.0
112.544,0.0
112.57600000000001,0.0
112.608,0.0
112.64,0.0
112.672,0.0
112.70400000000001,0.0
112.736,0.0
112.768,0.0
112.8,0.0
112.83200000000001,0.0
112.864,0.0
112.896,0.0
112.928,0.0
112.96000000000001,0.0
112.992,0.0
113.024,0.0
113.056,0.0
113.08800000000001,0.0
113.12,0.0
113.152,0.0
113.184,0.0
113.21600000000001,0.0
113.248,0.0
113.28,0.0
113.312,0.0
113.34400000000001,0.0
113.376,0.0
113.408,0.0
113.44,0.0
113.47200000000001,0.0
113.504,0.0
113.536,0.0
113.568,0.0
113.60000000000001,0.0
113.632,0.0
113.664,0.0
113.696,0.0
113.72800000000001,0.0
113.76,0.0
113.792,0.0
113.824,0.0
113.85600000000001,0.0
113.888,0.0
113.92,0.0
113.952,0.0
113.98400000000001,0.0
114.016,0.0
114.048,0.0
114.08,0.0
114.11200000000001,0.0
114.144,0.0
114.176,0.0
114.208,0.0
114.24000000000001,0.0
114.272,0.0
114.304,0.0
114.336,0.0
114.36800000000001,0.0
114.4,0.0
114.432,0.0
114.464,0.0
114.49600000000001,0.0
114.528,0.0
114.56,0.0
114.592,0.0
114.62400000000001,0.0
114.656,0.0
114.688,0.0
114.72,0.0
114.752,0.0
114.784,0.0
114.816,0.0
114.848,0.0
114.88,0.0
114.912,0.0
114.944,0.0
114.976,0.0
115.008,0.0
115.04,0.0
115.072,0.0
115.104,0.0
115.136,0.0
115.168,0.0
115.2,0.0
115.232,0.0
115.264,0.0
115.296,0.0
115.328,0.0
115.36,0.0
115.392,0.0
115.424,0.0
115.456,0.0
115.488,0.0
115.52,0.0
115.552,0.0
115.584,0.0
115.616,0.0
115.648,0.0
115.68,0.0
115.712,0.0
115.744,0.0
115.776,0.0
115.808,0.0
115.84,0.0
115.872,0.0
115.904,0.0
115.936,0.0
115.968,0.0
116.0,0.0
116.032,0.0
116.06400000000001,0.0
116.096,0.0
116.128,0.0
116.16,0.0
116.19200000000001,0.0
116.224,0.0
116.256,0.0
116.288,0.0
116.32000000000001,0.0
116.352,0.0
116.384,0.0
116.416,0.0
116.44800000000001,0.0
116.48,0.0
116.512,0.0
116.544,0.0
116.57600000000001,0.0
116.608,0.0
116.64,0.0
116.672,0.0
116.70400000000001,0.0
116.736,0.0
116.768,0.0
116.8,0.0
116.83200000000001,0.0
116.864,0.0
116.896,0.0
116.928,0.0
116.96000000000001,0.0
116.992,0.0
117.024,0.0
117.056,0.0
117.08800000000001,0.0
117.12,0.0
117.152,0.0
117.184,0.0
117.21600000000001,0.0
117.248,0.0
117.28,0.0
117.312,0.0
117.34400000000001,0.0
117.376,0.0
117.408,0.0
117.44,0.0
117.47200000000001,0.0
117.504,0.0
117.536,0.0
117.568,0.0
117.60000000000001,0.0
117.632,0.0
117.664,0.0
117.696,0.0
117.72800000000001,0.0
117.76,0.0
117.792,0.0
117.824,0.0
117.85600000000001,0.0
117.888,0.0
117.92,0.0
117.952,0.0
117.98400000000001,0.0
118.016,0.0
118.048,0.0
118.08,0.0
118.11200000000001,0.0
118.144,0.0
118.176,0.0
118.208,0.0
118.24000000000001,0.0
118.272,0.0
118.304,0.0
118.336,0.0
118.36800000000001,0.0
118.4,0.0
118.432,0.0
118.464,0.0
118.49600000000001,0.0
118.528,0.0
118.56,0.0
118.592,0.0
118.62400000000001,0.0
118.656,0.0
118.688,0.0
118.72,0.0
118.75200000000001,0.0
118.784,0.0
118.816,0.0
118.848,0.0
118.88,0.0
118.912,0.0
118.944,0.0
118.976,0.0
119.008,0.0
119.04,0.0
119.072,0.0
119.104,0.0
119.136,0.0
119.168,0.0
119.2,0.0
119.232,0.0
119.264,0.0
119.296,0.0
119.328,0.0
119.36,0.0
119.392,0.0
119.424,0.0
119.456,0.0
119.488,0.0
119.52,0.0
119.552,0.0
119.584,0.0
119.616,0.0
119.648,0.0
119.68,0.0
119.712,0.0
119.744,0.0
119.776,0.0
119.808,0.0
119.84,0.0
119.872,0.0
119.904,0.0
119.936,0.0
119.968,0.0
120.0,0.0
120.032,0.0
120.06400000000001,0.0
120.096,0.0
120.128,0.0
120.16,0.0
120.19200000000001,0.0
120.224,0.0
120.256,0.0
120.288,0.0
120.32000000000001,0.0
120.352,0.0
120.384,0.0
120.416,0.0
120.44800000000001,0.0
120.48,0.0
120.512,0.0
120.544,0.0
120.57600000000001,0.0
120.608,0.0
120.64,0.0
120.672,0.0
120.70400000000001,0.0
120.736,0.0
120.768,0.0
120.8,0.0
120.83200000000001,0.0
120.864,0.0
120.896,0.0
120.928,0.0
120.96000000000001,0.0
120.992,0.0
121.024,0.0
121.056,0.0
121.08800000000001,0.0
121.12,0.0
121.152,0.0
121.184,0.0
121.21600000000001,0.0
121.248,0.0
121.28,0.0
121.312,0.0
121.34400000000001,0.0
121.376,0.0
121.408,0.0
121.44,0.0
121.47200000000001,0.0
121.504,0.0
121.536,0.0
121.568,0.0
121.60000000000001,0.0
121.632,0.0
121.664,0.0
121.696,0.0
121.72800000000001,0.0
121.76,0.0
121.792,0.0
121.824,0.0
121.85600000000001,0.0
121.888,0.0
121.92,0.0
121.952,0.0
121.98400000000001,0.0
122.016,0.0
122.048,0.0
122.08,0.0
122.11200000000001,0.0
122.144,0.0
122.176,0.0
122.208,0.0
122.24000000000001,0.0
122.272,0.0
122.304,0.0
122.336,0.0
122.36800000000001,0.0
122.4,0.0
122.432,0.0
122.464,0.0
122.49600000000001,0.0
122.528,0.0
122.56,0.0
122.592,0.0
122.62400000000001,0.0
122.656,0.0
122.688,0.0
122.72,0.0
122.75200000000001,0.0
122.784,0.0
122.816,0.0
122.848,0.0
122.88,0.0
122.912,0.0
122.944,0.0
122.976,0.0
123.008,0.0
123.04,0.0
123.072,0.0
123.104,0.0
123.136,0.0
123.168,0.0
123.2,0.0
123.232,0.0
123.264,0.0
123.296,0.0
123.328,0.0
123.36,0.0
123.392,0.0
123.424,0.0
123.456,0.0
123.488,0.0
123.52,0.0
123.552,0.0
123.584,0.0
123.616,0.0
123.648,0.0
123.68,0.0
123.712,0.0
123.744,0.0
123.776,0.0
123.808,0.0
123.84,0.0
123.872,0.0
123.904,0.0
123.936,0.0
123.968,0.0
124.0,0.0
124.032,0.0
124.06400000000001,0.0
124.096,0.0
124.128,0.0
124.16,0.0
124.19200000000001,0.0
124.224,0.0
124.256,0.0
124.288,0.0
124.32000000000001,0.0
124.352,0.0
124.384,0.0
124.416,0.0
124.44800000000001,0.0
124.48,0.0
124.512,0.0
124.544,0.0
124.57600000000001,0.0
124.608,0.0
124.64,0.0
124.672,0.0
124.70400000000001,0.0
124.736,0.0
124.768,0.0
124.8,0.0
124.83200000000001,0.0
124.864,0.0
124.896,0.0
124.928,0.0
124.96000000000001,0.0
124.992,0.0
125.024,0.0
125.056,0.0
125.08800000000001,0.0
125.12,0.0
125.152,0.0
125.184,0.0
125.21600000000001,0.0
125.248,0.0
125.28,0.0
125.312,0.0
125.34400000000001,0.0
125.376,0.0
125.408,0.0
125.44,0.0
125.47200000000001,0.0
125.504,0.0
125.536,0.0
125.568,0.0
125.60000000000001,0.0
125.632,0.0
125.664,0.0
125.696,0.0
125.72800000000001,0.0
125.76,0.0
125.792,0.0
125.824,0.0
125.85600000000001,0.0
125.888,0.0
125.92,0.0
125.952,0.0
125.98400000000001,0.0
126.016,0.0
126.048,0.0
126.08,0.0
126.11200000000001,0.0
126.144,0.0
126.176,0.0
126.208,0.0
126.24000000000001,0.0
126.272,0.0
126.304,0.0
126.336,0.0
126.36800000000001,0.0
126.4,0.0
126.432,0.0
126.464,0.0
126.49600000000001,0.0
126.528,0.0
126.56,0.0
126.592,0.0
126.62400000000001,0.0
126.656,0.0
126.688,0.0
126.72,0.0
126.75200000000001,0.0
126.784,0.0
126.816,0.0
126.848,0.0
126.88000000000001,0.0
126.912,0.0
126.944,0.0
126.976,0.0
127.008,0.0
127.04,0.0
127.072,0.0
127.104,0.0
127.136,0.0
127.168,0.0
127.2,0.0
127.232,0.0
127.264,0.0
127.296,0.0
127.328,0.0
127.36,0.0
127.392,0.0
127.424,0.0
127.456,0.0
127.488,0.0
127.52,0.0
127.552,0.0
127.584,0.0
127.616,0.0
127.648,0.0
127.68,0.0
127.712,0.0
127.744,0.0
127.776,0.0
127.808,0.0
127.84,0.0
127.872,0.0
127.904,0.0
127.936,0.0
127.968,0.0
128.0,0.0
128.032,0.0
128.064,0.0
128.096,0.0
128.12800000000001,0.0
128.16,0.0
128.192,0.0
128.224,0.0
128.256,0.0
128.288,0.0
128.32,0.0
128.352,0.0
128.38400000000001,0.0
128.416,0.0
128.448,0.0
128.48,0.0
128.512,0.0
128.544,0.0
128.576,0.0
128.608,0.0
128.64000000000001,0.0
128.672,0.0
128.704,0.0
128.736,0.0
128.768,0.0
128.8,0.0
128.832,0.0
128.864,0.0
128.89600000000002,0.0
128.928,0.0
128.96,0.0
128.992,0.0
129.024,0.0
129.056,0.0
129.088,0.0
129.12,0.0
129.15200000000002,0.0
129.184,0.0
129.216,0.0
129.248,0.0
129.28,0.0
129.312,0.0
129.344,0.0
129.376,0.0
129.40800000000002,0.0
129.44,0.0
129.472,0.0
129.504,0.0
129.536,0.0
129.568,0.0
129.6,0.0
129.632,0.0
129.66400000000002,0.0
129.696,0.0
129.728,0.0
129.76,0.0
129.792,0.0
129.824,0.0
129.856,0.0
129.888,0.0
129.92000000000002,0.0
129.952,0.0
129.984,0.0
130.016,0.0
130.048,0.0
130.08,0.0
130.112,0.0
130.144,0.0
130.17600000000002,0.0
130.208,0.0
130.24,0.0
130.272,0.0
130.304,0.0
130.336,0.0
130.368,0.0
130.4,0.0
130.43200000000002,0.0
130.464,0.0
130.496,0.0
130.528,0.0
130.56,0.0
130.592,0.0
130.624,0.0
130.656,0.0
130.68800000000002,0.0
130.72,0.0
130.752,0.0
130.784,0.0
130.816,0.0
130.848,0.0
130.88,0.0
130.912,0.0
130.94400000000002,0.0
130.976,0.0
131.008,0.0
131.04,0.0
131.072,0.0
131.104,0.0
131.136,0.0
131.168,0.0
131.2,0.0
131.232,0.0
131.264,0.0
131.296,0.0
131.328,0.0
131.36,0.0
131.392,0.0
131.424,0.0
131.456,0.0
131.488,0.0
131.52,0.0
131.552,0.0
131.584,0.0
131.616,0.0
131.648,0.0
131.68,0.0
131.712,0.0
131.744,0.0
131.776,0.0
131.808,0.0
131.84,0.0
131.872,0.0
131.904,0.0
131.936,0.0
131.968,0.0
132.0,0.0
132.032,0.0
132.064,0.0
132.096,0.0
132.12800000000001,0.0
132.16,0.0
132.192,0.0
132.224,0.0
132.256,0.0
132.288,0.0
132.32,0.0
132.352,0.0
132.38400000000001,0.0
132.416,0.0
132.448,0.0
132.48,0.0
132.512,0.0
132.544,0.0
132.576,0.0
132.608,0.0
132.64000000000001,0.0
132.672,0.0
132.704,0.0
132.736,0.0
132.768,0.0
132.8,0.0
132.832,0.0
132.864,0.0
132.89600000000002,0.0
132.928,0.0
132.96,0.0
132.992,0.0
133.024,0.0
133.056,0.0
133.088,0.0
133.12,0.0
133.15200000000002,0.0
133.184,0.0
133.216,0.0
133.248,0.0
133.28,0.0
133.312,0.0
133.344,0.0
133.376,0.0
133.40800000000002,0.0
133.44,0.0
133.472,0.0
133.504,0.0
133.536,0.0
133.568,0.0
133.6,0.0
133.632,0.0
133.66400000000002,0.0
133.696,0.0
133.728,0.0
133.76,0.0
133.792,0.0
133.824,0.0
133.856,0.0
133.888,0.0
133.92000000000002,0.0
133.952,0.0
133.984,0.0
134.016,0.0
134.048,0.0
134.08,0.0
134.112,0.0
134.144,0.0
134.17600000000002,0.0
134.208,0.0
134.24,0.0
134.272,0.0
134.304,0.0
134.336,0.0
134.368,0.0
134.4,0.0
134.43200000000002,0.0
134.464,0.0
134.496,0.0
134.528,0.0
134.56,0.0
134.592,0.0
134.624,0.0
134.656,0.0
134.68800000000002,0.0
134.72,0.0
134.752,0.0
134.784,0.0
134.816,0.0
134.848,0.0
134.88,0.0
134.912,0.0
134.94400000000002,0.0
134.976,0.0
135.008,0.0
135.04,0.0
135.072,0.0
135.104,0.0
135.136,0.0
135.168,0.0
135.2,0.0
135.232,0.0
135.264,0.0
135.296,0.0
135.328,0.0
135.36,0.0
135.392,0.0
135.424,0.0
135.456,0.0
135.488,0.0
135.52,0.0
135.552,0.0
135.584,0.0
135.616,0.0
135.648,0.0
135.68,0.0
135.712,0.0
135.744,0.0
135.776,0.0
135.808,0.0
135.84,0.0
135.872,0.0
135.904,0.0
135.936,0.0
135.968,0.0
136.0,0.0
136.032,0.0
136.064,0.0
136.096,0.0
136.12800000000001,0.0
136.16,0.0
136.192,0.0
136.224,0.0
136.256,0.0
136.288,0.0
136.32,0.0
136.352,0.0
136.38400000000001,0.0
136.416,0.0
136.448,0.0
136.48,0.0
136.512,0.0
136.544,0.0
136.576,0.0
136.608,0.0
136.64000000000001,0.0
136.672,0.0
136.704,0.0
136.736,0.0
136.768,0.0
136.8,0.0
136.832,0.0
136.864,0.0
136.89600000000002,0.0
136.928,0.0
136.96,0.0
136.992,0.0
137.024,0.0
137.056,0.0
137.088,0.0
137.12,0.0
137.15200000000002,0.0
137.184,0.0
137.216,0.0
137.248,0.0
137.28,0.0
137.312,0.0
137.344,0.0
137.376,0.0
137.40800000000002,0.0
137.44,0.0
137.472,0.0
137.504,0.0
137.536,0.0
137.568,0.0
137.6,0.0
137.632,0.0
137.66400000000002,0.0
137.696,0.0
137.728,0.0
137.76,0.0
137.792,0.0
137.824,0.0
137.856,0.0
137.888,0.0
137.92000000000002,0.0
137.952,0.0
137.984,0.0
138.016,0.0
138.048,0.0
138.08,0.0
138.112,0.0
138.144,0.0
138.17600000000002,0.0
138.208,0.0
138.24,0.0
138.272,0.0
138.304,0.0
138.336,0.0
138.368,0.0
138.4,0.0
138.43200000000002,0.0
138.464,0.0
138.496,0.0
138.528,0.0
138.56,0.0
138.592,0.0
138.624,0.0
138.656,0.0
138.68800000000002,0.0
138.72,0.0
138.752,0.0
138.784,0.0
138.816,0.0
138.848,0.0
138.88,0.0
138.912,0.0
138.94400000000002,0.0
138.976,0.0
139.008,0.0
139.04,0.0
139.072,0.0
139.104,0.0
139.136,0.0
139.168,0.0
139.20000000000002,0.0
139.232,0.0
139.264,0.0
139.296,0.0
139.328,0.0
139.36,0.0
139.392,0.0
139.424,0.0
139.456,0.0
139.488,0.0
139.52,0.0
139.552,0.0
139.584,0.0
139.616,0.0
139.648,0.0
139.68,0.0
139.712,0.0
139.744,0.0
139.776,0.0
139.808,0.0
139.84,0.0
139.872,0.0
139.904,0.0
139.936,0.0
139.968,0.0
140.0,0.0
140.032,0.0
140.064,0.0
140.096,0.0
140.12800000000001,0.0
140.16,0.0
140.192,0.0
140.224,0.0
140.256,0.0
140.288,0.0
140.32,0.0
140.352,0.0
140.38400000000001,0.0
140.416,0.0
140.448,0.0
140.48,0.0
140.512,0.0
140.544,0.0
140.576,0.0
140.608,0.0
140.64000000000001,0.0
140.672,0.0
140.704,0.0
140.736,0.0
140.768,0.0
140.8,0.0
140.832,0.0
140.864,0.0
140.89600000000002,0.0
140.928,0.0
140.96,0.0
140.992,0.0
141.024,0.0
141.056,0.0
141.088,0.0
141.12,0.0
141.15200000000002,0.0
141.184,0.0
141.216,0.0
141.248,0.0
141.28,0.0
141.312,0.0
141.344,0.0
141.376,0.0
141.40800000000002,0.0
141.44,0.0
141.472,0.0
141.504,0.0
141.536,0.0
141.568,0.0
141.6,0.0
141.632,0.0
141.66400000000002,0.0
141.696,0.0
141.728,0.0
141.76,0.0
141.792,0.0
141.824,0.0
141.856,0.0
141.888,0.0
141.92000000000002,0.0
141.952,0.0
141.984,0.0
142.016,0.0
142.048,0.0
142.08,0.0
142.112,0.0
142.144,0.0
142.17600000000002,0.0
142.208,0.0
142.24,0.0
142.272,0.0
142.304,0.0
142.336,0.0
142.368,0.0
142.4,0.0
142.43200000000002,0.0
142.464,0.0
142.496,0.0
142.528,0.0
142.56,0.0
142.592,0.0
142.624,0.0
142.656,0.0
142.68800000000002,0.0
142.72,0.0
142.752,0.0
142.784,0.0
142.816,0.0
142.848,0.0
142.88,0.0
142.912,0.0
142.94400000000002,0.0
142.976,0.0
143.008,0.0
143.04,0.0
143.072,0.0
143.104,0.0
143.136,0.0
143.168,0.0
143.20000000000002,0.0
143.232,0.0
143.264,0.0
143.296,0.0
143.328,0.0
143.36,0.0
143.392,0.0
143.424,0.0
143.456,0.0
143.488,0.0
143.52,0.0
143.552,0.0
143.584,0.0
143.616,0.0
143.648,0.0
143.68,0.0
143.712,0.0
143.744,0.0
143.776,0.0
143.808,0.0
143.84,0.0
143.872,0.0
143.904,0.0
143.936,0.0
143.968,0.0
144.0,0.0
144.032,0.0
144.064,0.0
144.096,0.0
144.12800000000001,0.0
144.16,0.0
144.192,0.0
144.224,0.0
144.256,0.0
144.288,0.0
144.32,0.0
144.352,0.0
144.38400000000001,0.0
144.416,0.0
144.448,0.0
144.48,0.0
144.512,0.0
144.544,0.0
144.576,0.0
144.608,0.0
144.64000000000001,0.0
144.672,0.0
144.704,0.0
144.736,0.0
144.768,0.0
144.8,0.0
144.832,0.0
144.864,0.0
144.89600000000002,0.0
144.928,0.0
144.96,0.0
144.992,0.0
145.024,0.0
145.056,0.0
145.088,0.0
145.12,0.0
145.15200000000002,0.0
145.184,0.0
145.216,0.0
145.248,0.0
145.28,0.0
145.312,0.0
145.344,0.0
145.376,0.0
145.40800000000002,0.0
145.44,0.0
145.472,0.0
145.504,0.0
145.536,0.0
145.568,0.0
145.6,0.0
145.632,0.0
145.66400000000002,0.0
145.696,0.0
145.728,0.0
145.76,0.0
145.792,0.0
145.824,0.0
145.856,0.0
145.888,0.0
145.92000000000002,0.0
145.952,0.0
145.984,0.0
146.016,0.0
146.048,0.0
146.08,0.0
146.112,0.0
146.144,0.0
146.17600000000002,0.0
146.208,0.0
146.24,0.0
146.272,0.0
146.304,0.0
146.336,0.0
146.368,0.0
146.4,0.0
146.43200000000002,0.0
146.464,0.0
146.496,0.0
146.528,0.0
146.56,0.0
146.592,0.0
146.624,0.0
146.656,0.0
146.68800000000002,0.0
146.72,0.0
146.752,0.0
146.784,0.0
146.816,0.0
146.848,0.0
146.88,0.0
146.912,0.0
146.94400000000002,0.0
146.976,0.0
147.008,0.0
147.04,0.0
147.072,0.0
147.104,0.0
147.136,0.0
147.168,0.0
147.20000000000002,0.0
147.232,0.0
147.264,0.0
147.296,0.0
147.328,0.0
147.36,0.0
147.392,0.0
147.424,0.0
147.45600000000002,0.0
147.488,0.0
147.52,0.0
147.552,0.0
147.584,0.0
147.616,0.0
147.648,0.0
147.68,0.0
147.712,0.0
147.744,0.0
147.776,0.0
147.808,0.0
147.84,0.0
147.872,0.0
147.904,0.0
147.936,0.0
147.968,0.0
148.0,0.0
148.032,0.0
148.064,0.0
148.096,0.0
148.12800000000001,0.0
148.16,0.0
148.192,0.0
148.224,0.0
148.256,0.0
148.288,0.0
148.32,0.0
148.352,0.0
148.38400000000001,0.0
148.416,0.0
148.448,0.0
148.48,0.0
148.512,0.0
148.544,0.0
148.576,0.0
148.608,0.0
148.64000000000001,0.0
148.672,0.0
148.704,0.0
148.736,0.0
148.768,0.0
148.8,0.0
148.832,0.0
148.864,0.0
148.89600000000002,0.0
148.928,0.0
148.96,0.0
148.992,0.0
149.024,0.0
149.056,0.0
149.088,0.0
149.12,0.0
149.15200000000002,0.0
149.184,0.0
149.216,0.0
149.248,0.0
149.28,0.0
149.312,0.0
149.344,0.0
149.376,0.0
149.40800000000002,0.0
149.44,0.0
149.472,0.0
149.504,0.0
149.536,0.0
149.568,0.0
149.6,0.0
149.632,0.0
149.66400000000002,0.0
149.696,0.0
149.728,0.0
149.76,0.0
149.792,0.0
149.824,0.0
149.856,0.0
149.888,0.0
149.92000000000002,0.0
149.952,0.0
149.984,0.0
150.016,0.0
150.048,0.0
150.08,0.0
150.112,0.0
150.144,0.0
150.17600000000002,0.0
150.208,0.0
150.24,0.0
150.272,0.0
150.304,0.0
150.336,0.0
150.368,0.0
150.4,0.0
150.43200000000002,0.0
150.464,0.0
150.496,0.0
150.528,0.0
150.56,0.0
150.592,0.0
150.624,0.0
150.656,0.0
150.68800000000002,0.0
150.72,0.0
150.752,0.0
150.784,0.0
150.816,0.0
150.848,0.0
150.88,0.0
150.912,0.0
150.94400000000002,0.0
150.976,0.0
151.008,0.0
151.04,0.0
151.072,0.0
151.104,0.0
151.136,0.0
151.168,0.0
151.20000000000002,0.0
151.232,0.0
151.264,0.0
151.296,0.0
151.328,0.0
151.36,0.0
151.392,0.0
151.424,0.0
151.45600000000002,0.0
151.488,0.0
151.52,0.0
151.552,0.0
151.584,0.0
151.616,0.0
151.648,0.0
151.68,0.0
151.712,0.0
151.744,0.0
151.776,0.0
151.808,0.0
151.84,0.0
151.872,0.0
151.904,0.0
151.936,0.0
151.968,0.0
152.0,0.0
152.032,0.0
152.064,0.0
152.096,0.0
152.12800000000001,0.0
152.16,0.0
152.192,0.0
152.224,0.0
152.256,0.0
152.288,0.0
152.32,0.0
152.352,0.0
152.38400000000001,0.0
152.416,0.0
152.448,0.0
152.48,0.0
152.512,0.0
152.544,0.0
152.576,0.0
152.608,0.0
152.64000000000001,0.0
152.672,0.0
152.704,0.0
152.736,0.0
152.768,0.0
152.8,0.0
152.832,0.0
152.864,0.0
152.89600000000002,0.0
152.928,0.0
152.96,0.0
152.992,0.0
153.024,0.0
153.056,0.0
153.088,0.0
153.12,0.0
153.15200000000002,0.0
153.184,0.0
153.216,0.0
153.248,0.0
153.28,0.0
153.312,0.0
153.344,0.0
153.376,0.0
153.40800000000002,0.0
153.44,0.0
153.472,0.0
153.504,0.0
153.536,0.0
153.568,0.0
153.6,0.0
153.632,0.0
153.66400000000002,0.0
153.696,0.0
153.728,0.0
153.76,0.0
153.792,0.0
153.824,0.0
153.856,0.0
153.888,0.0
153.92000000000002,0.0
153.952,0.0
153.984,0.0
154.016,0.0
154.048,0.0
154.08,0.0
154.112,0.0
154.144,0.0
154.17600000000002,0.0
154.208,0.0
154.24,0.0
154.272,0.0
154.304,0.0
154.336,0.0
154.368,0.0
154.4,0.0
154.43200000000002,0.0
154.464,0.0
154.496,0.0
154.528,0.0
154.56,0.0
154.592,0.0
154.624,0.0
154.656,0.0
154.68800000000002,0.0
154.72,0.0
154.752,0.0
154.784,0.0
154.816,0.0
154.848,0.0
154.88,0.0
154.912,0.0
154.94400000000002,0.0
154.976,0.0
155.008,0.0
155.04,0.0
155.072,0.0
155.104,0.0
155.136,0.0
155.168,0.0
155.20000000000002,0.0
155.232,0.0
155.264,0.0
155.296,0.0
155.328,0.0
155.36,0.0
155.392,0.0
155.424,0.0
155.45600000000002,0.0
155.488,0.0
155.52,0.0
155.552,0.0
155.584,0.0
155.616,0.0
155.648,0.0
155.68,0.0
155.712,0.0
155.744,0.0
155.776,0.0
155.808,0.0
155.84,0.0
155.872,0.0
155.904,0.0
155.936,0.0
155.968,0.0
156.0,0.0
156.032,0.0
156.064,0.0
156.096,0.0
156.12800000000001,0.0
156.16,0.0
156.192,0.0
156.224,0.0
156.256,0.0
156.288,0.0
156.32,0.0
156.352,0.0
156.38400000000001,0.0
156.416,0.0
156.448,0.0
156.48,0.0
156.512,0.0
156.544,0.0
156.576,0.0
156.608,0.0
156.64000000000001,0.0
156.672,0.0
156.704,0.0
156.736,0.0
156.768,0.0
156.8,0.0
156.832,0.0
156.864,0.0
156.89600000000002,0.0
156.928,0.0
156.96,0.0
156.992,0.0
157.024,0.0
157.056,0.0
157.088,0.0
157.12,0.0
157.15200000000002,0.0
157.184,0.0
157.216,0.0
157.248,0.0
157.28,0.0
157.312,0.0
157.344,0.0
157.376,0.0
157.40800000000002,0.0
157.44,0.0
157.472,0.0
157.504,0.0
157.536,0.0
157.568,0.0
157.6,0.0
157.632,0.0
157.66400000000002,0.0
157.696,0.0
157.728,0.0
157.76,0.0
157.792,0.0
157.824,0.0
157.856,0.0
157.888,0.0
157.92000000000002,0.0
157.952,0.0
157.984,0.0
158.016,0.0
158.048,0.0
158.08,0.0
158.112,0.0
158.144,0.0
158.17600000000002,0.0
158.208,0.0
158.24,0.0
158.272,0.0
158.304,0.0
158.336,0.0
158.368,0.0
158.4,0.0
158.43200000000002,0.0
158.464,0.0
158.496,0.0
158.528,0.0
158.56,0.0
158.592,0.0
158.624,0.0
158.656,0.0
158.68800000000002,0.0
158.72,0.0
158.752,0.0
158.784,0.0
158.816,0.0
158.848,0.0
158.88,0.0
158.912,0.0
158.94400000000002,0.0
158.976,0.0
159.008,0.0
159.04,0.0
159.072,0.0
159.104,0.0
159.136,0.0
159.168,0.0
159.20000000000002,0.0
159.232,0.0
159.264,0.0
159.296,0.0
159.328,0.0
159.36,0.0
159.392,0.0
159.424,0.0
159.45600000000002,0.0
159.488,0.0
159.52,0.0
159.552,0.0
159.584,0.0
159.616,0.0
159.648,0.0
159.68,0.0
159.71200000000002,0.0
159.744,0.0
159.776,0.0
159.808,0.0
159.84,0.0
159.872,0.0
159.904,0.0
159.936,0.0
159.968,0.0
160.0,0.0
160.032,0.0
160.064,0.0
160.096,0.0
160.12800000000001,0.0
160.16,0.0
160.192,0.0
160.224,0.0
160.256,0.0
160.288,0.0
160.32,0.0
160.352,0.0
160.38400000000001,0.0
160.416,0.0
160.448,0.0
160.48,0.0
160.512,0.0
160.544,0.0
160.576,0.0
160.608,0.0
160.64000000000001,0.0
160.672,0.0
160.704,0.0
160.736,0.0
160.768,0.0
160.8,0.0
160.832,0.0
160.864,0.0
160.89600000000002,0.0
160.928,0.0
160.96,0.0
160.992,0.0
161.024,0.0
161.056,0.0
161.088,0.0
161.12,0.0
161.15200000000002,0.0
161.184,0.0
161.216,0.0
161.248,0.0
161.28,0.0
161.312,0.0
161.344,0.0
161.376,0.0
161.40800000000002,0.0
161.44,0.0
161.472,0.0
161.504,0.0
161.536,0.0
161.568,0.0
161.6,0.0
161.632,0.0
161.66400000000002,0.0
161.696,0.0
161.728,0.0
161.76,0.0
161.792,0.0
161.824,0.0
161.856,0.0
161.888,0.0
161.92000000000002,0.0
161.952,0.0
161.984,0.0
162.016,0.0
162.048,0.0
162.08,0.0
162.112,0.0
162.144,0.0
162.17600000000002,0.0
162.208,0.0
162.24,0.0
162.272,0.0
162.304,0.0
162.336,0.0
162.368,0.0
162.4,0.0
162.43200000000002,0.0
162.464,0.0
162.496,0.0
162.528,0.0
162.56,0.0
162.592,0.0
162.624,0.0
162.656,0.0
162.68800000000002,0.0
162.72,0.0
162.752,0.0
162.784,0.0
162.816,0.0
162.848,0.0
162.88,0.0
162.912,0.0
162.94400000000002,0.0
162.976,0.0
163.008,0.0
163.04,0.0
163.072,0.0
163.104,0.0
163.136,0.0
163.168,0.0
163.20000000000002,0.0
163.232,0.0
163.264,0.0
163.296,0.0
163.328,0.0
163.36,0.0
163.392,0.0
163.424,0.0
163.45600000000002,0.0
163.488,0.0
163.52,0.0
163.552,0.0
163.584,0.0
163.616,0.0
163.648,0.0
163.68,0.0
163.71200000000002,0.0
163.744,0.0
163.776,0.0
163.808,0.0
163.84,0.0
163.872,0.0
163.904,0.0
163.936,0.0
163.968,0.0
164.0,0.0
164.032,0.0
164.064,0.0
164.096,0.0
164.12800000000001,0.0
164.16,0.0
164.192,0.0
164.224,0.0
164.256,0.0
164.288,0.0
164.32,0.0
164.352,0.0
164.38400000000001,0.0
164.416,0.0
164.448,0.0
164.48,0.0
164.512,0.0
164.544,0.0
164.576,0.0
164.608,0.0
164.64000000000001,0.0
164.672,0.0
164.704,0.0
164.736,0.0
164.768,0.0
164.8,0.0
164.832,0.0
164.864,0.0
164.89600000000002,0.0
164.928,0.0
164.96,0.0
164.992,0.0
165.024,0.0
165.056,0.0
165.088,0.0
165.12,0.0
165.15200000000002,0.0
165.184,0.0
165.216,0.0
165.248,0.0
165.28,0.0
165.312,0.0
165.344,0.0
165.376,0.0
165.40800000000002,0.0
165.44,0.0
165.472,0.0
165.504,0.0
165.536,0.0
165.568,0.0
165.6,0.0
165.632,0.0
165.66400000000002,0.0
165.696,0.0
165.728,0.0
165.76,0.0
165.792,0.0
165.824,0.0
165.856,0.0
165.888,0.0
165.92000000000002,0.0
165.952,0.0
165.984,0.0
166.016,0.0
166.048,0.0
166.08,0.0
166.112,0.0
166.144,0.0
166.17600000000002,0.0
166.208,0.0
166.24,0.0
166.272,0.0
166.304,0.0
166.336,0.0
166.368,0.0
166.4,0.0
166.43200000000002,0.0
166.464,0.0
166.496,0.0
166.528,0.0
166.56,0.0
166.592,0.0
166.624,0.0
166.656,0.0
166.68800000000002,0.0
166.72,0.0
166.752,0.0
166.784,0.0
166.816,0.0
166.848,0.0
166.88,0.0
166.912,0.0
166.94400000000002,0.0
166.976,0.0
167.008,0.0
167.04,0.0
167.072,0.0
167.104,0.0
167.136,0.0
167.168,0.0
167.20000000000002,0.0
167.232,0.0
167.264,0.0
167.296,0.0
167.328,0.0
167.36,0.0
167.392,0.0
167.424,0.0
167.45600000000002,0.0
167.488,0.0
167.52,0.0
167.552,0.0
167.584,0.0
167.616,0.0
167.648,0.0
167.68,0.0
167.71200000000002,0.0
167.744,0.0
167.776,0.0
167.808,0.0
167.84,0.0
167.872,0.0
167.904,0.0
167.936,0.0
167.968,0.0
168.0,0.0
168.032,0.0
168.064,0.0
168.096,0.0
168.12800000000001,0.0
168.16,0.0
168.192,0.0
168.224,0.0
168.256,0.0
168.288,0.0
168.32,0.0
168.352,0.0
168.38400000000001,0.0
168.416,0.0
168.448,0.0
168.48,0.0
168.512,0.0
168.544,0.0
168.576,0.0
168.608,0.0
168.64000000000001,0.0
168.672,0.0
168.704,0.0
168.736,0.0
168.768,0.0
168.8,0.0
168.832,0.0
168.864,0.0
168.89600000000002,0.0
168.928,0.0
168.96,0.0
168.992,0.0
169.024,0.0
169.056,0.0
169.088,0.0
169.12,0.0
169.15200000000002,0.0
169.184,0.0
169.216,0.0
169.248,0.0
169.28,0.0
169.312,0.0
169.344,0.0
169.376,0.0
169.40800000000002,0.0
169.44,0.0
169.472,0.0
169.504,0.0
169.536,0.0
169.568,0.0
169.6,0.0
169.632,0.0
169.66400000000002,0.0
169.696,0.0
169.728,0.0
169.76,0.0
169.792,0.0
169.824,0.0
169.856,0.0
169.888,0.0
169.92000000000002,0.0
169.952,0.0
169.984,0.0
170.016,0.0
170.048,0.0
170.08,0.0
170.112,0.0
170.144,0.0
170.17600000000002,0.0
170.208,0.0
170.24,0.0
170.272,0.0
170.304,0.0
170.336,0.0
170.368,0.0
170.4,0.0
170.43200000000002,0.0
170.464,0.0
170.496,0.0
170.528,0.0
170.56,0.0
170.592,0.0
170.624,0.0
170.656,0.0
170.68800000000002,0.0
170.72,0.0
170.752,0.0
170.784,0.0
170.816,0.0
170.848,0.0
170.88,0.0
170.912,0.0
170.94400000000002,0.0
170.976,0.0
171.008,0.0
171.04,0.0
171.072,0.0
171.104,0.0
171.136,0.0
171.168,0.0
171.20000000000002,0.0
171.232,0.0
171.264,0.0
171.296,0.0
171.328,0.0
171.36,0.0
171.392,0.0
171.424,0.0
171.45600000000002,0.0
171.488,0.0
171.52,0.0
171.552,0.0
171.584,0.0
171.616,0.0
171.648,0.0
171.68,0.0
171.71200000000002,0.0
171.744,0.0
171.776,0.0
171.808,0.0
171.84,0.0
171.872,0.0
171.904,0.0
171.936,0.0
171.96800000000002,0.0
172.0,0.0
172.032,0.0
172.064,0.0
172.096,0.0
172.12800000000001,0.0
172.16,0.0
172.192,0.0
172.224,0.0
172.256,0.0
172.288,0.0
172.32,0.0
172.352,0.0
172.38400000000001,0.0
172.416,0.0
172.448,0.0
172.48,0.0
172.512,0.0
172.544,0.0
172.576,0.0
172.608,0.0
172.64000000000001,0.0
172.672,0.0
172.704,0.0
172.736,0.0
172.768,0.0
172.8,0.0
172.832,0.0
172.864,0.0
172.89600000000002,0.0
172.928,0.0
172.96,0.0
172.992,0.0
173.024,0.0
173.056,0.0
173.088,0.0
173.12,0.0
173.15200000000002,0.0
173.184,0.0
173.216,0.0
173.248,0.0
173.28,0.0
173.312,0.0
173.344,0.0
173.376,0.0
173.40800000000002,0.0
173.44,0.0
173.472,0.0
173.504,0.0
173.536,0.0
173.568,0.0
173.6,0.0
173.632,0.0
173.66400000000002,0.0
173.696,0.0
173.728,0.0
173.76,0.0
173.792,0.0
173.824,0.0
173.856,0.0
173.888,0.0
173.92000000000002,0.0
173.952,0.0
173.984,0.0
174.016,0.0
174.048,0.0
174.08,0.0
174.112,0.0
174.144,0.0
174.17600000000002,0.0
174.208,0.0
174.24,0.0
174.272,0.0
174.304,0.0
174.336,0.0
174.368,0.0
174.4,0.0
174.43200000000002,0.0
174.464,0.0
174.496,0.0
174.528,0.0
174.56,0.0
174.592,0.0
174.624,0.0
174.656,0.0
174.68800000000002,0.0
174.72,0.0
174.752,0.0
174.784,0.0
174.816,0.0
174.848,0.0
174.88,0.0
174.912,0.0
174.94400000000002,0.0
174.976,0.0
175.008,0.0
175.04,0.0
175.072,0.0
175.104,0.0
175.136,0.0
175.168,0.0
175.20000000000002,0.0
175.232,0.0
175.264,0.0
175.296,0.0
175.328,0.0
175.36,0.0
175.392,0.0
175.424,0.0
175.45600000000002,0.0
175.488,0.0
175.52,0.0
175.552,0.0
175.584,0.0
175.616,0.0
175.648,0.0
175.68,0.0
175.71200000000002,0.0
175.744,0.0
175.776,0.0
175.808,0.0
175.84,0.0
175.872,0.0
175.904,0.0
175.936,0.0
175.96800000000002,0.0
176.0,0.0
176.032,0.0
176.064,0.0
176.096,0.0
176.12800000000001,0.0
176.16,0.0
176.192,0.0
176.224,0.0
176.256,0.0
176.288,0.0
176.32,0.0
176.352,0.0
176.38400000000001,0.0
176.416,0.0
176.448,0.0
176.48,0.0
176.512,0.0
176.544,0.0
176.576,0.0
176.608,0.0
176.64000000000001,0.0
176.672,0.0
176.704,0.0
176.736,0.0
176.768,0.0
176.8,0.0
176.832,0.0
176.864,0.0
176.89600000000002,0.0
176.928,0.0
176.96,0.0
176.992,0.0
177.024,0.0
177.056,0.0
177.088,0.0
177.12,0.0
177.15200000000002,0.0
177.184,0.0
177.216,0.0
177.248,0.0
177.28,0.0
177.312,0.0
177.344,0.0
177.376,0.0
177.40800000000002,0.0
177.44,0.0
177.472,0.0
177.504,0.0
177.536,0.0
177.568,0.0
177.6,0.0
177.632,0.0
177.66400000000002,0.0
177.696,0.0
177.728,0.0
177.76,0.0
177.792,0.0
177.824,0.0
177.856,0.0
177.888,0.0
177.92000000000002,0.0
177.952,0.0
177.984,0.0
178.016,0.0
178.048,0.0
178.08,0.0
178.112,0.0
178.144,0.0
178.17600000000002,0.0
178.208,0.0
178.24,0.0
178.272,0.0
178.304,0.0
178.336,0.0
178.368,0.0
178.4,0.0
178.43200000000002,0.0
178.464,0.0
178.496,0.0
178.528,0.0
178.56,0.0
178.592,0.0
178.624,0.0
178.656,0.0
178.68800000000002,0.0
178.72,0.0
178.752,0.0
178.784,0.0
178.816,0.0
178.848,0.0
178.88,0.0
178.912,0.0
178.94400000000002,0.0
178.976,0.0
179.008,0.0
179.04,0.0
179.072,0.0
179.104,0.0
179.136,0.0
179.168,0.0
179.20000000000002,0.0
179.232,0.0
179.264,0.0
179.296,0.0
179.328,0.0
179.36,0.0
179.392,0.0
179.424,0.0
179.45600000000002,0.0
179.488,0.0
179.52,0.0
179.552,0.0
179.584,0.0
179.616,0.0
179.648,0.0
179.68,0.0
179.71200000000002,0.0
179.744,0.0
179.776,0.0
179.808,0.0
179.84,0.0
179.872,0.0
179.904,0.0
179.936,0.0
179.96800000000002,0.0
180.0,0.0
180.032,0.0
180.064,0.0
180.096,0.0
180.12800000000001,0.0
180.16,0.0
180.192,0.0
180.224,0.0
180.256,0.0
180.288,0.0
180.32,0.0
180.352,0.0
180.38400000000001,0.0
180.416,0.0
180.448,0.0
180.48,0.0
180.512,0.0
180.544,0.0
180.576,0.0
180.608,0.0
180.64000000000001,0.0
180.672,0.0
180.704,0.0
180.736,0.0
180.768,0.0
180.8,0.0
180.832,0.0
180.864,0.0
180.89600000000002,0.0
180.928,0.0
180.96,0.0
180.992,0.0
181.024,0.0
181.056,0.0
181.088,0.0
181.12,0.0
181.15200000000002,0.0
181.184,0.0
181.216,0.0
181.248,0.0
181.28,0.0
181.312,0.0
181.344,0.0
181.376,0.0
181.40800000000002,0.0
181.44,0.0
181.472,0.0
181.504,0.0
181.536,0.0
181.568,0.0
181.6,0.0
181.632,0.0
181.66400000000002,0.0
181.696,0.0
181.728,0.0
181.76,0.0
181.792,0.0
181.824,0.0
181.856,0.0
181.888,0.0
181.92000000000002,0.0
181.952,0.0
181.984,0.0
182.016,0.0
182.048,0.0
182.08,0.0
182.112,0.0
182.144,0.0
182.17600000000002,0.0
182.208,0.0
182.24,0.0
182.272,0.0
182.304,0.0
182.336,0.0
182.368,0.0
182.4,0.0
182.43200000000002,0.0
182.464,0.0
182.496,0.0
182.528,0.0
182.56,0.0
182.592,0.0
182.624,0.0
182.656,0.0
182.68800000000002,0.0
182.72,0.0
182.752,0.0
182.784,0.0
182.816,0.0
182.848,0.0
182.88,0.0
182.912,0.0
182.94400000000002,0.0
182.976,0.0
183.008,0.0
183.04,0.0
183.072,0.0
183.104,0.0
183.136,0.0
183.168,0.0
183.20000000000002,0.0
183.232,0.0
183.264,0.0
183.296,0.0
183.328,0.0
183.36,0.0
183.392,0.0
183.424,0.0
183.45600000000002,0.0
183.488,0.0
183.52,0.0
183.552,0.0
183.584,0.0
183.616,0.0
183.648,0.0
183.68,0.0
183.71200000000002,0.0
183.744,0.0
183.776,0.0
183.808,0.0
183.84,0.0
183.872,0.0
183.904,0.0
183.936,0.0
183.96800000000002,0.0
184.0,0.0
184.032,0.0
184.064,0.0
184.096,0.0
184.12800000000001,0.0
184.16,0.0
184.192,0.0
184.22400000000002,0.0
184.256,0.0
184.288,0.0
184.32,0.0
184.352,0.0
184.38400000000001,0.0
184.416,0.0
184.448,0.0
184.48,0.0
184.512,0.0
184.544,0.0
184.576,0.0
184.608,0.0
184.64000000000001,0.0
184.672,0.0
184.704,0.0
184.736,0.0
184.768,0.0
184.8,0.0
184.832,0.0
184.864,0.0
184.89600000000002,0.0
184.928,0.0
184.96,0.0
184.992,0.0
185.024,0.0
185.056,0.0
185.088,0.0
185.12,0.0
185.15200000000002,0.0
185.184,0.0
185.216,0.0
185.248,0.0
185.28,0.0
185.312,0.0
185.344,0.0
185.376,0.0
185.40800000000002,0.0
185.44,0.0
185.472,0.0
185.504,0.0
185.536,0.0
185.568,0.0
185.6,0.0
185.632,0.0
185.66400000000002,0.0
185.696,0.0
185.728,0.0
185.76,0.0
185.792,0.0
185.824,0.0
185.856,0.0
185.888,0.0
185.92000000000002,0.0
185.952,0.0
185.984,0.0
186.016,0.0
186.048,0.0
186.08,0.0
186.112,0.0
186.144,0.0
186.17600000000002,0.0
186.208,0.0
186.24,0.0
186.272,0.0
186.304,0.0
186.336,0.0
186.368,0.0
186.4,0.0
186.43200000000002,0.0
186.464,0.0
186.496,0.0
186.528,0.0
186.56,0.0
186.592,0.0
186.624,0.0
186.656,0.0
186.68800000000002,0.0
186.72,0.0
186.752,0.0
186.784,0.0
186.816,0.0
186.848,0.0
186.88,0.0
186.912,0.0
186.94400000000002,0.0
186.976,0.0
187.008,0.0
187.04,0.0
187.072,0.0
187.104,0.0
187.136,0.0
187.168,0.0
187.20000000000002,0.0
187.232,0.0
187.264,0.0
187.296,0.0
187.328,0.0
187.36,0.0
187.392,0.0
187.424,0.0
187.45600000000002,0.0
187.488,0.0
187.52,0.0
187.552,0.0
187.584,0.0
187.616,0.0
187.648,0.0
187.68,0.0
187.71200000000002,0.0
187.744,0.0
187.776,0.0
187.808,0.0
187.84,0.0
187.872,0.0
187.904,0.0
187.936,0.0
187.96800000000002,0.0
188.0,0.0
188.032,0.0
188.064,0.0
188.096,0.0
188.12800000000001,0.0
188.16,0.0
188.192,0.0
188.22400000000002,0.0
188.256,0.0
188.288,0.0
188.32,0.0
188.352,0.0
188.38400000000001,0.0
188.416,0.0
188.448,0.0
188.48,0.0
188.512,0.0
188.544,0.0
188.576,0.0
188.608,0.0
188.64000000000001,0.0
188.672,0.0
188.704,0.0
188.736,0.0
188.768,0.0
188.8,0.0
188.832,0.0
188.864,0.0
188.89600000000002,0.0
188.928,0.0
188.96,0.0
188.992,0.0
189.024,0.0
189.056,0.0
189.088,0.0
189.12,0.0
189.15200000000002,0.0
189.184,0.0
189.216,0.0
189.248,0.0
189.28,0.0
189.312,0.0
189.344,0.0
189.376,0.0
189.40800000000002,0.0
189.44,0.0
189.472,0.0
189.504,0.0
189.536,0.0
189.568,0.0
189.6,0.0
189.632,0.0
189.66400000000002,0.0
189.696,0.0
189.728,0.0
189.76,0.0
189.792,0.0
189.824,0.0
189.856,0.0
189.888,0.0
189.92000000000002,0.0
189.952,0.0
189.984,0.0
190.016,0.0
190.048,0.0
190.08,0.0
190.112,0.0
190.144,0.0
190.17600000000002,0.0
190.208,0.0
190.24,0.0
190.272,0.0
190.304,0.0
190.336,0.0
190.368,0.0
190.4,0.0
190.43200000000002,0.0
190.464,0.0
190.496,0.0
190.528,0.0
190.56,0.0
190.592,0.0
190.624,0.0
190.656,0.0
190.68800000000002,0.0
190.72,0.0
190.752,0.0
190.784,0.0
190.816,0.0
190.848,0.0
190.88,0.0
190.912,0.0
190.94400000000002,0.0
190.976,0.0
191.008,0.0
191.04,0.0
191.072,0.0
191.104,0.0
191.136,0.0
191.168,0.0
191.20000000000002,0.0
191.232,0.0
191.264,0.0
191.296,0.0
191.328,0.0
191.36,0.0
191.392,0.0
191.424,0.0
191.45600000000002,0.0
191.488,0.0
191.52,0.0
191.552,0.0
191.584,0.0
191.616,0.0
191.648,0.0
191.68,0.0
191.71200000000002,0.0
191.744,0.0
191.776,0.0
191.808,0.0
191.84,0.0
191.872,0.0
191.904,0.0
191.936,0.0
191.96800000000002,0.0
192.0,0.0
192.032,0.0
192.064,0.0
192.096,0.0
192.12800000000001,0.0
192.16,0.0
192.192,0.0
192.22400000000002,0.0
192.256,0.0
192.288,0.0
192.32,0.0
192.352,0.0
192.38400000000001,0.0
192.416,0.0
192.448,0.0
192.48000000000002,0.0
192.512,0.0
192.544,0.0
192.576,0.0
192.608,0.0
192.64000000000001,0.0
192.672,0.0
192.704,0.0
192.736,0.0
192.768,0.0
192.8,0.0
192.832,0.0
192.864,0.0
192.89600000000002,0.0
192.928,0.0
192.96,0.0
192.992,0.0
193.024,0.0
193.056,0.0
193.088,0.0
193.12,0.0
193.15200000000002,0.0
193.184,0.0
193.216,0.0
193.248,0.0
193.28,0.0
193.312,0.0
193.344,0.0
193.376,0.0
193.40800000000002,0.0
193.44,0.0
193.472,0.0
193.504,0.0
193.536,0.0
193.568,0.0
193.6,0.0
193.632,0.0
193.66400000000002,0.0
193.696,0.0
193.728,0.0
193.76,0.0
193.792,0.0
193.824,0.0
193.856,0.0
193.888,0.0
193.92000000000002,0.0
193.952,0.0
193.984,0.0
194.016,0.0
194.048,0.0
194.08,0.0
194.112,0.0
194.144,0.0
194.17600000000002,0.0
194.208,0.0
194.24,0.0
194.272,0.0
194.304,0.0
194.336,0.0
194.368,0.0
194.4,0.0
194.43200000000002,0.0
194.464,0.0
194.496,0.0
194.528,0.0
194.56,0.0
194.592,0.0
194.624,0.0
194.656,0.0
194.68800000000002,0.0
194.72,0.0
194.752,0.0
194.784,0.0
194.816,0.0
194.848,0.0
194.88,0.0
194.912,0.0
194.94400000000002,0.0
194.976,0.0
195.008,0.0
195.04,0.0
195.072,0.0
195.104,0.0
195.136,0.0
195.168,0.0
195.20000000000002,0.0
195.232,0.0
195.264,0.0
195.296,0.0
195.328,0.0
195.36,0.0
195.392,0.0
195.424,0.0
195.45600000000002,0.0
195.488,0.0
195.52,0.0
195.552,0.0
195.584,0.0
195.616,0.0
195.648,0.0
195.68,0.0
195.71200000000002,0.0
195.744,0.0
195.776,0.0
195.808,0.0
195.84,0.0
195.872,0.0
195.904,0.0
195.936,0.0
195.96800000000002,0.0
196.0,0.0
196.032,0.0
196.064,0.0
196.096,0.0
196.12800000000001,0.0
196.16,0.0
196.192,0.0
196.22400000000002,0.0
196.256,0.0
196.288,0.0
196.32,0.0
196.352,0.0
196.38400000000001,0.0
196.416,0.0
196.448,0.0
196.48000000000002,0.0
196.512,0.0
196.544,0.0
196.576,0.0
196.608,0.0
196.64000000000001,0.0
196.672,0.0
196.704,0.0
196.736,0.0
196.768,0.0
196.8,0.0
196.832,0.0
196.864,0.0
196.89600000000002,0.0
196.928,0.0
196.96,0.0
196.992,0.0
197.024,0.0
197.056,0.0
197.088,0.0
197.12,0.0
197.15200000000002,0.0
197.184,0.0
197.216,0.0
197.248,0.0
197.28,0.0
197.312,0.0
197.344,0.0
197.376,0.0
197.40800000000002,0.0
197.44,0.0
197.472,0.0
197.504,0.0
197.536,0.0
197.568,0.0
197.6,0.0
197.632,0.0
197.66400000000002,0.0
197.696,0.0
197.728,0.0
197.76,0.0
197.792,0.0
197.824,0.0
197.856,0.0
197.888,0.0
197.92000000000002,0.0
197.952,0.0
197.984,0.0
198.016,0.0
198.048,0.0
198.08,0.0
198.112,0.0
198.144,0.0
198.17600000000002,0.0
198.208,0.0
198.24,0.0
198.272,0.0
198.304,0.0
198.336,0.0
198.368,0.0
198.4,0.0
198.43200000000002,0.0
198.464,0.0
198.496,0.0
198.528,0.0
198.56,0.0
198.592,0.0
198.624,0.0
198.656,0.0
198.68800000000002,0.0
198.72,0.0
198.752,0.0
198.784,0.0
198.816,0.0
198.848,0.0
198.88,0.0
198.912,0.0
198.94400000000002,0.0
198.976,0.0
199.008,0.0
199.04,0.0
199.072,0.0
199.104,0.0
199.136,0.0
199.168,0.0
199.20000000000002,0.0
199.232,0.0
199.264,0.0
199.296,0.0
199.328,0.0
199.36,0.0
199.392,0.0
199.424,0.0
199.45600000000002,0.0
199.488,0.0
199.52,0.0
199.552,0.0
199.584,0.0
199.616,0.0
199.648,0.0
199.68,0.0
199.71200000000002,0.0
199.744,0.0
199.776,0.0
199.808,0.0
199.84,0.0
199.872,0.0
199.904,0.0
199.936,0.0
199.96800000000002,0.0
200.0,0.0
200.032,0.0
200.064,0.0
200.096,0.0
200.12800000000001,0.0
200.16,0.0
200.192,0.0
200.22400000000002,0.0
200.256,0.0
200.288,0.0
200.32,0.0
200.352,0.0
200.38400000000001,0.0
200.416,0.0
200.448,0.0
200.48000000000002,0.0
200.512,0.0
200.544,0.0
200.576,0.0
200.608,0.0
200.64000000000001,0.0
200.672,0.0
200.704,0.0
200.736,0.0
200.768,0.0
200.8,0.0
200.832,0.0
200.864,0.0
200.89600000000002,0.0
200.928,0.0
200.96,0.0
200.992,0.0
201.024,0.0
201.056,0.0
201.088,0.0
201.12,0.0
201.15200000000002,0.0
201.184,0.0
201.216,0.0
201.248,0.0
201.28,0.0
201.312,0.0
201.344,0.0
201.376,0.0
201.40800000000002,0.0
201.44,0.0
201.472,0.0
201.504,0.0
201.536,0.0
201.568,0.0
201.6,0.0
201.632,0.0
201.66400000000002,0.0
201.696,0.0
201.728,0.0
201.76,0.0
201.792,0.0
201.824,0.0
201.856,0.0
201.888,0.0
201.92000000000002,0.0
201.952,0.0
201.984,0.0
202.016,0.0
202.048,0.0
202.08,0.0
202.112,0.0
202.144,0.0
202.17600000000002,0.0
202.208,0.0
202.24,0.0
202.272,0.0
202.304,0.0
202.336,0.0
202.368,0.0
202.4,0.0
202.43200000000002,0.0
202.464,0.0
202.496,0.0
202.528,0.0
202.56,0.0
202.592,0.0
202.624,0.0
202.656,0.0
202.68800000000002,0.0
202.72,0.0
202.752,0.0
202.784,0.0
202.816,0.0
202.848,0.0
202.88,0.0
202.912,0.0
202.94400000000002,0.0
202.976,0.0
203.008,0.0
203.04,0.0
203.072,0.0
203.104,0.0
203.136,0.0
203.168,0.0
203.20000000000002,0.0
203.232,0.0
203.264,0.0
203.296,0.0
203.328,0.0
203.36,0.0
203.392,0.0
203.424,0.0
203.45600000000002,0.0
203.488,0.0
203.52,0.0
203.552,0.0
203.584,0.0
203.616,0.0
203.648,0.0
203.68,0.0
203.71200000000002,0.0
203.744,0.0
203.776,0.0
203.808,0.0
203.84,0.0
203.872,0.0
203.904,0.0
203.936,0.0
203.96800000000002,0.0
204.0,0.0
204.032,0.0
204.064,0.0
204.096,0.0
204.12800000000001,0.0
204.16,0.0
204.192,0.0
204.22400000000002,0.0
204.256,0.0
204.288,0.0
204.32,0.0
204.352,0.0
204.38400000000001,0.0
204.416,0.0
204.448,0.0
204.48000000000002,0.0
204.512,0.0
204.544,0.0
204.576,0.0
204.608,0.0
204.64000000000001,0.0
204.672,0.0
204.704,0.0
204.73600000000002,0.0
204.768,0.0
204.8,0.0
204.832,0.0
204.864,0.0
204.89600000000002,0.0
204.928,0.0
204.96,0.0
204.992,0.0
205.024,0.0
205.056,0.0
205.088,0.0
205.12,0.0
205.15200000000002,0.0
205.184,0.0
205.216,0.0
205.248,0.0
205.28,0.0
205.312,0.0
205.344,0.0
205.376,0.0
205.40800000000002,0.0
205.44,0.0
205.472,0.0
205.504,0.0
205.536,0.0
205.568,0.0
205.6,0.0
205.632,0.0
205.66400000000002,0.0
205.696,0.0
205.728,0.0
205.76,0.0
205.792,0.0
205.824,0.0
205.856,0.0
205.888,0.0
205.92000000000002,0.0
205.952,0.0
205.984,0.0
206.016,0.0
206.048,0.0
206.08,0.0
206.112,0.0
206.144,0.0
206.17600000000002,0.0
206.208,0.0
206.24,0.0
206.272,0.0
206.304,0.0
206.336,0.0
206.368,0.0
206.4,0.0
206.43200000000002,0.0
206.464,0.0
206.496,0.0
206.528,0.0
206.56,0.0
206.592,0.0
206.624,0.0
206.656,0.0
206.68800000000002,0.0
206.72,0.0
206.752,0.0
206.784,0.0
206.816,0.0
206.848,0.0
206.88,0.0
206.912,0.0
206.94400000000002,0.0
206.976,0.0
207.008,0.0
207.04,0.0
207.072,0.0
207.104,0.0
207.136,0.0
207.168,0.0
207.20000000000002,0.0
207.232,0.0
207.264,0.0
207.296,0.0
207.328,0.0
207.36,0.0
207.392,0.0
207.424,0.0
207.45600000000002,0.0
207.488,0.0
207.52,0.0
207.552,0.0
207.584,0.0
207.616,0.0
207.648,0.0
207.68,0.0
207.71200000000002,0.0
207.744,0.0
207.776,0.0
207.808,0.0
207.84,0.0
207.872,0.0
207.904,0.0
207.936,0.0
207.96800000000002,0.0
208.0,0.0
208.032,0.0
208.064,0.0
208.096,0.0
208.12800000000001,0.0
208.16,0.0
208.192,0.0
208.22400000000002,0.0
208.256,0.0
208.288,0.0
208.32,0.0
208.352,0.0
208.38400000000001,0.0
208.416,0.0
208.448,0.0
208.48000000000002,0.0
208.512,0.0
208.544,0.0
208.576,0.0
208.608,0.0
208.64000000000001,0.0
208.672,0.0
208.704,0.0
208.73600000000002,0.0
208.768,0.0
208.8,0.0
208.832,0.0
208.864,0.0
208.89600000000002,0.0
208.928,0.0
208.96,0.0
208.992,0.0
209.024,0.0
209.056,0.0
209.088,0.0
209.12,0.0
209.15200000000002,0.0
209.184,0.0
209.216,0.0
209.248,0.0
209.28,0.0
209.312,0.0
209.344,0.0
209.376,0.0
209.40800000000002,0.0
209.44,0.0
209.472,0.0
209.504,0.0
209.536,0.0
209.568,0.0
209.6,0.0
209.632,0.0
209.66400000000002,0.0
209.696,0.0
209.728,0.0
209.76,0.0
209.792,0.0
209.824,0.0
209.856,0.0
209.888,0.0
209.92000000000002,0.0
209.952,0.0
209.984,0.0
210.016,0.0
210.048,0.0
210.08,0.0
210.112,0.0
210.144,0.0
210.17600000000002,0.0
210.208,0.0
210.24,0.0
210.272,0.0
210.304,0.0
210.336,0.0
210.368,0.0
210.4,0.0
210.43200000000002,0.0
210.464,0.0
210.496,0.0
210.528,0.0
210.56,0.0
210.592,0.0
210.624,0.0
210.656,0.0
210.68800000000002,0.0
210.72,0.0
210.752,0.0
210.784,0.0
210.816,0.0
210.848,0.0
210.88,0.0
210.912,0.0
210.94400000000002,0.0
210.976,0.0
211.008,0.0
211.04,0.0
211.072,0.0
211.104,0.0
211.136,0.0
211.168,0.0
211.20000000000002,0.0
211.232,0.0
211.264,0.0
211.296,0.0
211.328,0.0
211.36,0.0
211.392,0.0
211.424,0.0
211.45600000000002,0.0
211.488,0.0
211.52,0.0
211.552,0.0
211.584,0.0
211.616,0.0
211.648,0.0
211.68,0.0
211.71200000000002,0.0
211.744,0.0
211.776,0.0
211.808,0.0
211.84,0.0
211.872,0.0
211.904,0.0
211.936,0.0
211.96800000000002,0.0
212.0,0.0
212.032,0.0
212.064,0.0
212.096,0.0
212.12800000000001,0.0
212.16,0.0
212.192,0.0
212.22400000000002,0.0
212.256,0.0
212.288,0.0
212.32,0.0
212.352,0.0
212.38400000000001,0.0
212.416,0.0
212.448,0.0
212.48000000000002,0.0
212.512,0.0
212.544,0.0
212.576,0.0
212.608,0.0
212.64000000000001,0.0
212.672,0.0
212.704,0.0
212.73600000000002,0.0
212.768,0.0
212.8,0.0
212.832,0.0
212.864,0.0
212.89600000000002,0.0
212.928,0.0
212.96,0.0
212.99200000000002,0.0
213.024,0.0
213.056,0.0
213.088,0.0
213.12,0.0
213.15200000000002,0.0
213.184,0.0
213.216,0.0
213.248,0.0
213.28,0.0
213.312,0.0
213.344,0.0
213.376,0.0
213.40800000000002,0.0
213.44,0.0
213.472,0.0
213.504,0.0
213.536,0.0
213.568,0.0
213.6,0.0
213.632,0.0
213.66400000000002,0.0
213.696,0.0
213.728,0.0
213.76,0.0
213.792,0.0
213.824,0.0
213.856,0.0
213.888,0.0
213.92000000000002,0.0
213.952,0.0
213.984,0.0
214.016,0.0
214.048,0.0
214.08,0.0
214.112,0.0
214.144,0.0
214.17600000000002,0.0
214.208,0.0
214.24,0.0
214.272,0.0
214.304,0.0
214.336,0.0
214.368,0.0
214.4,0.0
214.43200000000002,0.0
214.464,0.0
214.496,0.0
214.528,0.0
214.56,0.0
214.592,0.0
214.624,0.0
214.656,0.0
214.68800000000002,0.0
214.72,0.0
214.752,0.0
214.784,0.0
214.816,0.0
214.848,0.0
214.88,0.0
214.912,0.0
214.94400000000002,0.0
214.976,0.0
215.008,0.0
215.04,0.0
215.072,0.0
215.104,0.0
215.136,0.0
215.168,0.0
215.20000000000002,0.0
215.232,0.0
215.264,0.0
215.296,0.0
215.328,0.0
